timestamp,entry_id,temperature,rh,voltage
2022-09-05T15:58:16Z,1,,,1
2022-09-05T15:58:18Z,2,22,59,
2022-09-05T16:01:33Z,3,,,1
2022-09-05T16:03:18Z,4,22,59,
2022-09-05T16:06:10Z,5,,,1
2022-09-05T16:08:18Z,6,22,59,
2022-09-05T16:13:17Z,7,22,58,
2022-09-05T16:18:17Z,8,22,59,
2022-09-05T16:23:16Z,9,22,59,
2022-09-05T16:28:16Z,10,22,59,
2022-09-05T16:33:15Z,11,22,59,
2022-09-05T16:38:15Z,12,22,59,
2022-09-05T16:43:14Z,13,22,58,
2022-09-05T16:48:14Z,14,22,59,
2022-09-05T16:53:14Z,15,22,58,
2022-09-05T16:58:13Z,16,22,58,
2022-09-05T17:03:12Z,17,22,58,
2022-09-05T17:08:12Z,18,22,58,
2022-09-05T17:13:12Z,19,22,58,
2022-09-05T17:18:11Z,20,22,58,
2022-09-05T17:23:10Z,21,22,58,
2022-09-05T17:28:10Z,22,22,58,
2022-09-05T17:33:10Z,23,22,58,
2022-09-05T17:38:09Z,24,22,58,
2022-09-05T17:43:08Z,25,22,58,
2022-09-05T17:48:08Z,26,22,58,
2022-09-05T17:53:07Z,27,22,58,
2022-09-05T17:58:07Z,28,22,58,
2022-09-05T18:03:06Z,29,22,58,
2022-09-05T18:08:06Z,30,22,58,
2022-09-05T18:13:05Z,31,22,58,
2022-09-05T18:18:05Z,32,22,58,
2022-09-05T18:23:04Z,33,22,59,
2022-09-05T18:28:04Z,34,22,59,
2022-09-05T18:33:04Z,35,22,59,
2022-09-05T18:38:03Z,36,22,59,
2022-09-05T18:43:03Z,37,22,59,
2022-09-05T18:48:02Z,38,22,59,
2022-09-05T18:53:01Z,39,22,59,
2022-09-05T18:58:01Z,40,22,59,
2022-09-05T19:03:00Z,41,22,59,
2022-09-05T19:08:00Z,42,22,59,
2022-09-05T19:13:00Z,43,22,59,
2022-09-05T19:17:59Z,44,22,59,
2022-09-05T19:22:59Z,45,22,59,
2022-09-05T19:27:58Z,46,22,59,
2022-09-05T19:32:58Z,47,22,59,
2022-09-05T19:37:58Z,48,22,59,
2022-09-05T19:42:57Z,49,22,59,
2022-09-05T19:47:57Z,50,22,59,
2022-09-05T19:52:56Z,51,22,59,
2022-09-05T19:57:55Z,52,22,59,
2022-09-05T20:02:55Z,53,22,59,
2022-09-05T20:07:55Z,54,22,59,
2022-09-05T20:08:36Z,55,22,60,
2022-09-05T20:08:44Z,56,22,59,
2022-09-05T20:08:53Z,57,22,58,
2022-09-05T20:09:01Z,58,22,58,
2022-09-05T20:09:10Z,59,22,59,
2022-09-05T20:09:15Z,60,22,58,
2022-09-05T20:12:54Z,61,22,59,
2022-09-05T20:17:54Z,62,22,59,
2022-09-05T20:22:53Z,63,22,59,
2022-09-05T20:27:53Z,64,22,58,
2022-09-05T20:32:52Z,65,22,58,
2022-09-05T20:37:52Z,66,22,58,
2022-09-05T20:42:52Z,67,22,58,
2022-09-05T20:47:52Z,68,23,57,
2022-09-05T20:52:51Z,69,22,57,
2022-09-05T20:57:50Z,70,22,57,
2022-09-05T21:02:50Z,71,22,57,
2022-09-05T21:07:49Z,72,22,57,
2022-09-05T21:12:49Z,73,22,58,
2022-09-05T21:17:49Z,74,22,58,
2022-09-05T21:22:51Z,75,23,57,
2022-09-05T21:27:48Z,76,22,57,
2022-09-05T21:32:47Z,77,22,57,
2022-09-05T21:37:47Z,78,22,58,
2022-09-05T21:42:46Z,79,22,57,
2022-09-05T21:47:46Z,80,22,57,
2022-09-05T21:52:45Z,81,23,57,
2022-09-05T21:57:45Z,82,23,57,
2022-09-05T22:02:44Z,83,23,57,
2022-09-05T22:07:44Z,84,23,57,
2022-09-05T22:12:43Z,85,22,61,
2022-09-05T22:17:42Z,86,21,64,
2022-09-05T22:22:41Z,87,21,66,
2022-09-05T22:27:40Z,88,21,67,
2022-09-05T22:32:39Z,89,21,68,
2022-09-05T22:37:39Z,90,20,69,
2022-09-05T22:42:38Z,91,20,69,
2022-09-05T22:47:39Z,92,20,70,
2022-09-05T22:52:37Z,93,20,70,
2022-09-05T22:57:36Z,94,20,70,
2022-09-05T23:02:36Z,95,20,70,
2022-09-05T23:07:35Z,96,20,71,
2022-09-05T23:12:35Z,97,20,71,
2022-09-05T23:17:35Z,98,20,71,
2022-09-05T23:22:34Z,99,20,71,
2022-09-05T23:27:34Z,100,20,71,
2022-09-05T23:32:33Z,101,20,71,
2022-09-05T23:37:33Z,102,20,72,
2022-09-05T23:42:32Z,103,20,72,
2022-09-05T23:47:32Z,104,20,72,
2022-09-05T23:52:32Z,105,20,72,
2022-09-05T23:57:30Z,106,20,72,
2022-09-06T00:02:30Z,107,20,72,
2022-09-06T00:07:30Z,108,20,72,
2022-09-06T00:12:29Z,109,20,72,
2022-09-06T00:17:28Z,110,20,72,
2022-09-06T00:22:28Z,111,20,72,
2022-09-06T00:27:28Z,112,20,72,
2022-09-06T00:32:27Z,113,20,72,
2022-09-06T00:37:26Z,114,20,72,
2022-09-06T00:42:26Z,115,20,72,
2022-09-06T00:47:25Z,116,20,72,
2022-09-06T00:52:25Z,117,20,72,
2022-09-06T00:57:24Z,118,20,72,
2022-09-06T01:02:24Z,119,20,72,
2022-09-06T01:07:23Z,120,20,72,
2022-09-06T01:12:23Z,121,20,72,
2022-09-06T01:17:23Z,122,20,72,
2022-09-06T01:22:22Z,123,20,72,
2022-09-06T01:27:21Z,124,20,72,
2022-09-06T01:32:21Z,125,20,72,
2022-09-06T01:37:21Z,126,20,72,
2022-09-06T01:42:20Z,127,20,72,
2022-09-06T01:47:20Z,128,20,72,
2022-09-06T01:52:19Z,129,20,72,
2022-09-06T01:57:18Z,130,20,72,
2022-09-06T02:02:18Z,131,20,72,
2022-09-06T02:07:17Z,132,20,72,
2022-09-06T02:12:17Z,133,20,72,
2022-09-06T02:17:17Z,134,20,72,
2022-09-06T02:22:16Z,135,20,72,
2022-09-06T02:27:16Z,136,20,73,
2022-09-06T02:32:15Z,137,20,72,
2022-09-06T02:37:14Z,138,20,72,
2022-09-06T02:42:14Z,139,20,72,
2022-09-06T02:47:15Z,140,20,73,
2022-09-06T02:52:13Z,141,20,73,
2022-09-06T02:57:12Z,142,20,73,
2022-09-06T03:02:13Z,143,20,73,
2022-09-06T03:07:12Z,144,20,72,
2022-09-06T03:12:11Z,145,20,72,
2022-09-06T03:17:11Z,146,20,72,
2022-09-06T03:22:10Z,147,20,73,
2022-09-06T03:27:10Z,148,20,73,
2022-09-06T03:32:10Z,149,20,73,
2022-09-06T03:37:09Z,150,20,73,
2022-09-06T03:42:08Z,151,20,72,
2022-09-06T03:47:08Z,152,20,72,
2022-09-06T03:52:07Z,153,20,72,
2022-09-06T03:57:07Z,154,20,72,
2022-09-06T04:02:06Z,155,20,72,
2022-09-06T04:07:06Z,156,20,72,
2022-09-06T04:12:05Z,157,20,72,
2022-09-06T04:17:05Z,158,20,72,
2022-09-06T04:22:05Z,159,20,72,
2022-09-06T04:27:04Z,160,20,72,
2022-09-06T04:32:03Z,161,20,72,
2022-09-06T04:37:03Z,162,20,72,
2022-09-06T04:42:03Z,163,20,72,
2022-09-06T04:47:03Z,164,20,72,
2022-09-06T04:52:01Z,165,20,72,
2022-09-06T04:57:01Z,166,20,72,
2022-09-06T05:02:01Z,167,20,72,
2022-09-06T05:07:00Z,168,20,72,
2022-09-06T05:12:00Z,169,20,72,
2022-09-06T05:17:00Z,170,20,72,
2022-09-06T05:21:59Z,171,20,72,
2022-09-06T05:26:58Z,172,20,72,
2022-09-06T05:31:59Z,173,20,72,
2022-09-06T05:36:58Z,174,20,72,
2022-09-06T05:41:57Z,175,20,72,
2022-09-06T05:46:57Z,176,20,72,
2022-09-06T05:51:56Z,177,20,72,
2022-09-06T05:56:56Z,178,20,72,
2022-09-06T06:01:55Z,179,20,72,
2022-09-06T06:06:54Z,180,20,73,
2022-09-06T06:11:54Z,181,20,73,
2022-09-06T06:16:54Z,182,20,72,
2022-09-06T06:21:53Z,183,20,72,
2022-09-06T06:26:53Z,184,20,72,
2022-09-06T06:31:52Z,185,20,72,
2022-09-06T06:36:51Z,186,20,72,
2022-09-06T06:41:52Z,187,20,72,
2022-09-06T06:46:50Z,188,20,72,
2022-09-06T06:51:50Z,189,20,72,
2022-09-06T06:56:49Z,190,20,72,
2022-09-06T07:01:49Z,191,20,72,
2022-09-06T07:06:48Z,192,20,72,
2022-09-06T07:11:48Z,193,20,72,
2022-09-06T07:16:48Z,194,20,72,
2022-09-06T07:21:47Z,195,20,72,
2022-09-06T07:26:47Z,196,20,72,
2022-09-06T07:31:46Z,197,20,72,
2022-09-06T07:36:45Z,198,20,72,
2022-09-06T07:41:45Z,199,20,72,
2022-09-06T07:46:45Z,200,20,72,
2022-09-06T07:51:44Z,201,20,72,
2022-09-06T07:56:43Z,202,20,72,
2022-09-06T08:01:43Z,203,20,72,
2022-09-06T08:06:43Z,204,20,72,
2022-09-06T08:11:42Z,205,20,72,
2022-09-06T08:16:42Z,206,20,72,
2022-09-06T08:21:41Z,207,20,72,
2022-09-06T08:26:41Z,208,20,72,
2022-09-06T08:31:40Z,209,20,73,
2022-09-06T08:36:40Z,210,20,73,
2022-09-06T08:41:39Z,211,20,72,
2022-09-06T08:46:39Z,212,20,72,
2022-09-06T08:51:38Z,213,20,72,
2022-09-06T08:56:38Z,214,20,72,
2022-09-06T09:01:38Z,215,20,72,
2022-09-06T09:06:38Z,216,20,72,
2022-09-06T09:11:37Z,217,20,72,
2022-09-06T09:16:36Z,218,20,72,
2022-09-06T09:21:37Z,219,20,72,
2022-09-06T09:26:35Z,220,20,73,
2022-09-06T09:31:35Z,221,20,73,
2022-09-06T09:36:35Z,222,20,73,
2022-09-06T09:41:34Z,223,20,73,
2022-09-06T09:46:34Z,224,20,73,
2022-09-06T09:51:33Z,225,20,73,
2022-09-06T09:56:33Z,226,20,73,
2022-09-06T10:01:32Z,227,20,73,
2022-09-06T10:06:32Z,228,20,73,
2022-09-06T10:11:31Z,229,20,72,
2022-09-06T10:16:31Z,230,20,72,
2022-09-06T10:21:30Z,231,20,72,
2022-09-06T10:26:30Z,232,20,72,
2022-09-06T10:31:29Z,233,20,72,
2022-09-06T10:36:29Z,234,20,72,
2022-09-06T10:41:28Z,235,20,72,
2022-09-06T10:46:28Z,236,20,72,
2022-09-06T10:51:27Z,237,20,72,
2022-09-06T10:56:27Z,238,20,73,
2022-09-06T11:01:26Z,239,20,72,
2022-09-06T11:06:26Z,240,20,72,
2022-09-06T11:11:25Z,241,20,73,
2022-09-06T11:16:25Z,242,20,73,
2022-09-06T11:21:25Z,243,20,73,
2022-09-06T11:26:24Z,244,20,73,
2022-09-06T11:28:58Z,245,,,1
2022-09-06T11:31:24Z,246,20,73,
2022-09-06T11:36:23Z,247,20,73,
2022-09-06T11:41:23Z,248,20,73,
2022-09-06T11:46:22Z,249,20,72,
2022-09-06T11:51:22Z,250,20,73,
2022-09-06T11:56:21Z,251,20,73,
2022-09-06T12:01:21Z,252,20,73,
2022-09-06T12:06:21Z,253,20,73,
2022-09-06T12:11:20Z,254,20,73,
2022-09-06T12:16:20Z,255,20,73,
2022-09-06T12:21:19Z,256,20,73,
2022-09-06T12:26:19Z,257,20,73,
2022-09-06T12:31:18Z,258,20,75,
2022-09-06T12:34:32Z,259,,,1
2022-09-06T12:36:19Z,260,20,74,
2022-09-06T12:41:16Z,261,20,54,
2022-09-06T12:46:15Z,262,20,50,
2022-09-06T12:51:14Z,263,19,49,
2022-09-06T12:56:13Z,264,19,49,
2022-09-06T13:01:13Z,265,19,49,
2022-09-06T13:06:12Z,266,18,50,
2022-09-06T13:11:12Z,267,18,50,
2022-09-06T13:16:11Z,268,18,50,
2022-09-06T13:21:11Z,269,18,51,
2022-09-06T13:26:10Z,270,18,51,
2022-09-06T13:31:10Z,271,18,51,
2022-09-06T13:36:10Z,272,18,51,
2022-09-06T13:41:09Z,273,18,52,
2022-09-06T13:46:09Z,274,18,52,
2022-09-06T13:51:08Z,275,18,53,
2022-09-06T13:56:07Z,276,18,53,
2022-09-06T14:01:07Z,277,18,53,
2022-09-06T14:06:07Z,278,18,54,
2022-09-06T14:11:06Z,279,18,54,
2022-09-06T14:16:06Z,280,19,55,
2022-09-06T14:21:06Z,281,18,55,
2022-09-06T14:26:05Z,282,19,55,
2022-09-06T14:31:05Z,283,19,56,
2022-09-06T14:36:04Z,284,19,54,
2022-09-06T14:41:04Z,285,19,53,
2022-09-06T14:49:58Z,286,24,71,
2022-09-06T14:50:06Z,287,25,57,
2022-09-06T14:50:15Z,288,25,55,
2022-09-06T14:50:23Z,289,25,55,
2022-09-06T14:50:32Z,290,25,55,
2022-09-06T14:50:40Z,291,25,55,
2022-09-06T14:50:49Z,292,25,55,
2022-09-06T14:50:57Z,293,25,55,
2022-09-06T14:51:36Z,294,24,57,
2022-09-06T14:51:44Z,295,25,58,
2022-09-06T14:51:53Z,296,25,57,
2022-09-06T14:52:01Z,297,24,56,
2022-09-06T14:52:10Z,298,25,56,
2022-09-06T14:52:18Z,299,25,55,
2022-09-06T14:52:27Z,300,25,55,
2022-09-06T14:52:35Z,301,25,55,
2022-09-06T14:52:43Z,302,25,55,
2022-09-06T14:52:52Z,303,25,55,
2022-09-06T14:53:00Z,304,25,55,
2022-09-06T14:53:09Z,305,25,55,
2022-09-06T14:53:17Z,306,25,55,
2022-09-06T14:53:26Z,307,25,55,
2022-09-06T14:53:28Z,308,25,55,
2022-09-06T14:56:46Z,309,24,68,
2022-09-06T14:56:55Z,310,25,60,
2022-09-06T14:57:03Z,311,25,56,
2022-09-06T14:57:12Z,312,25,55,
2022-09-06T14:57:20Z,313,25,55,
2022-09-06T14:57:28Z,314,25,54,
2022-09-06T14:57:37Z,315,25,54,
2022-09-06T14:57:45Z,316,25,55,
2022-09-06T14:57:54Z,317,25,54,
2022-09-06T14:58:44Z,318,24,57,
2022-09-06T14:58:53Z,319,25,57,
2022-09-06T14:59:01Z,320,25,55,
2022-09-06T14:59:10Z,321,25,54,
2022-09-06T14:59:18Z,322,25,54,
2022-09-06T14:59:27Z,323,25,54,
2022-09-06T14:59:41Z,324,24,53,
2022-09-06T14:59:49Z,325,24,55,
2022-09-06T14:59:58Z,326,25,54,
2022-09-06T15:00:06Z,327,25,54,
2022-09-06T15:00:15Z,328,25,54,
2022-09-06T15:00:23Z,329,24,54,
2022-09-06T15:00:31Z,330,24,54,
2022-09-06T15:00:40Z,331,24,54,
2022-09-06T15:00:48Z,332,24,54,
2022-09-06T15:03:15Z,333,24,54,
2022-09-06T15:03:23Z,334,24,56,
2022-09-06T15:03:32Z,335,24,56,
2022-09-06T15:03:40Z,336,24,56,
2022-09-06T15:03:48Z,337,24,55,
2022-09-06T15:03:57Z,338,24,55,
2022-09-06T15:04:05Z,339,24,55,
2022-09-06T15:04:14Z,340,24,55,
2022-09-06T15:04:22Z,341,24,55,
2022-09-06T15:04:31Z,342,24,55,
2022-09-06T15:04:39Z,343,24,56,
2022-09-06T15:04:48Z,344,24,56,
2022-09-06T15:04:56Z,345,24,56,
2022-09-06T15:05:05Z,346,24,56,
2022-09-06T15:05:07Z,347,24,56,
2022-09-06T15:05:31Z,348,24,57,
2022-09-06T15:05:40Z,349,24,57,
2022-09-06T15:05:48Z,350,24,56,
2022-09-06T15:05:56Z,351,24,56,
2022-09-06T16:01:07Z,352,23,62,
2022-09-06T16:01:13Z,353,23,62,
2022-09-06T16:05:50Z,354,23,62,
2022-09-06T16:10:48Z,355,23,58,
2022-09-06T16:15:46Z,356,23,59,
2022-09-06T16:20:46Z,357,22,60,
2022-09-06T16:25:45Z,358,22,61,
2022-09-06T16:30:44Z,359,22,61,
2022-09-06T16:35:43Z,360,22,61,
2022-09-06T16:40:43Z,361,22,62,
2022-09-06T16:45:42Z,362,22,62,
2022-09-06T16:50:42Z,363,22,62,
2022-09-06T16:55:41Z,364,22,62,
2022-09-06T17:00:40Z,365,22,62,
2022-09-06T17:05:39Z,366,22,62,
2022-09-06T17:10:39Z,367,22,62,
2022-09-06T17:15:38Z,368,22,62,
2022-09-06T17:20:38Z,369,22,62,
2022-09-06T17:25:37Z,370,22,62,
2022-09-06T17:30:37Z,371,22,62,
2022-09-06T17:35:37Z,372,22,62,
2022-09-06T17:40:36Z,373,22,62,
2022-09-06T17:45:36Z,374,22,62,
2022-09-06T17:50:35Z,375,22,62,
2022-09-06T17:55:35Z,376,22,62,
2022-09-06T18:00:34Z,377,22,62,
2022-09-06T18:05:33Z,378,22,62,
2022-09-06T18:10:33Z,379,22,62,
2022-09-06T18:15:32Z,380,22,62,
2022-09-06T18:20:32Z,381,22,62,
2022-09-06T18:25:31Z,382,22,62,
2022-09-06T18:30:31Z,383,22,62,
2022-09-06T18:35:31Z,384,22,62,
2022-09-06T18:40:30Z,385,22,62,
2022-09-06T18:45:29Z,386,22,62,
2022-09-06T18:50:29Z,387,22,62,
2022-09-06T18:55:28Z,388,22,62,
2022-09-06T19:00:28Z,389,22,62,
2022-09-06T19:05:27Z,390,22,62,
2022-09-06T19:10:26Z,391,22,62,
2022-09-06T19:15:26Z,392,22,62,
2022-09-06T19:20:25Z,393,22,62,
2022-09-06T19:25:25Z,394,22,62,
2022-09-06T19:30:24Z,395,22,62,
2022-09-06T19:35:23Z,396,22,62,
2022-09-06T19:40:23Z,397,22,62,
2022-09-06T19:45:23Z,398,22,62,
2022-09-06T19:50:22Z,399,22,62,
2022-09-06T19:55:22Z,400,22,62,
2022-09-06T20:00:21Z,401,22,62,
2022-09-06T20:05:20Z,402,22,62,
2022-09-06T20:10:19Z,403,22,62,
2022-09-06T20:15:19Z,404,22,62,
2022-09-06T20:20:18Z,405,22,62,
2022-09-06T20:25:18Z,406,22,62,
2022-09-06T20:30:17Z,407,22,62,
2022-09-06T20:35:17Z,408,22,62,
2022-09-06T20:40:16Z,409,22,62,
2022-09-06T20:45:15Z,410,22,62,
2022-09-06T20:50:15Z,411,22,62,
2022-09-06T20:55:14Z,412,22,62,
2022-09-06T21:00:14Z,413,22,62,
2022-09-06T21:05:13Z,414,22,62,
2022-09-06T21:10:12Z,415,22,62,
2022-09-06T21:15:12Z,416,22,62,
2022-09-06T21:20:11Z,417,22,62,
2022-09-06T21:25:10Z,418,22,62,
2022-09-06T21:30:10Z,419,22,62,
2022-09-06T21:35:10Z,420,22,62,
2022-09-06T21:40:09Z,421,22,62,
2022-09-06T21:45:08Z,422,22,62,
2022-09-06T21:50:08Z,423,22,62,
2022-09-06T21:55:07Z,424,22,62,
2022-09-06T22:00:07Z,425,22,62,
2022-09-06T22:05:06Z,426,22,62,
2022-09-06T22:10:05Z,427,22,62,
2022-09-06T22:15:05Z,428,22,62,
2022-09-06T22:20:05Z,429,22,62,
2022-09-06T22:25:04Z,430,22,61,
2022-09-06T22:30:03Z,431,22,61,
2022-09-06T22:35:03Z,432,22,61,
2022-09-06T22:40:02Z,433,22,61,
2022-09-06T22:45:01Z,434,22,61,
2022-09-06T22:50:02Z,435,22,61,
2022-09-06T22:51:35Z,436,23,81,
2022-09-06T22:51:43Z,437,23,76,
2022-09-06T22:51:52Z,438,23,65,
2022-09-06T22:52:00Z,439,23,63,
2022-09-06T22:52:09Z,440,23,61,
2022-09-06T22:52:17Z,441,23,60,
2022-09-06T22:54:43Z,442,23,59,
2022-09-06T22:54:51Z,443,24,56,
2022-09-06T22:55:00Z,444,24,56,
2022-09-06T22:55:07Z,445,23,56,
2022-09-06T22:59:41Z,446,24,56,
2022-09-06T23:04:38Z,447,24,56,
2022-09-06T23:09:37Z,448,23,58,
2022-09-06T23:14:36Z,449,22,59,
2022-09-06T23:19:35Z,450,22,60,
2022-09-06T23:24:34Z,451,22,60,
2022-09-06T23:29:34Z,452,22,60,
2022-09-06T23:34:33Z,453,22,60,
2022-09-06T23:39:33Z,454,22,60,
2022-09-06T23:44:32Z,455,22,61,
2022-09-06T23:49:32Z,456,22,61,
2022-09-06T23:54:31Z,457,22,61,
2022-09-06T23:59:31Z,458,22,61,
2022-09-07T00:04:30Z,459,22,61,
2022-09-07T00:09:29Z,460,22,61,
2022-09-07T00:14:29Z,461,21,61,
2022-09-07T00:19:28Z,462,21,61,
2022-09-07T00:24:28Z,463,21,61,
2022-09-07T00:29:27Z,464,21,61,
2022-09-07T00:34:27Z,465,21,61,
2022-09-07T00:39:27Z,466,21,61,
2022-09-07T00:44:26Z,467,21,61,
2022-09-07T00:49:26Z,468,21,61,
2022-09-07T00:54:25Z,469,21,61,
2022-09-07T00:59:24Z,470,21,61,
2022-09-07T01:04:23Z,471,21,61,
2022-09-07T01:09:23Z,472,21,61,
2022-09-07T01:14:23Z,473,21,61,
2022-09-07T01:19:21Z,474,21,61,
2022-09-07T01:24:21Z,475,21,61,
2022-09-07T01:29:20Z,476,21,61,
2022-09-07T01:34:19Z,477,21,61,
2022-09-07T01:39:19Z,478,21,61,
2022-09-07T01:44:18Z,479,21,61,
2022-09-07T01:49:18Z,480,21,61,
2022-09-07T01:54:18Z,481,21,61,
2022-09-07T01:59:17Z,482,21,61,
2022-09-07T02:04:16Z,483,21,61,
2022-09-07T02:09:15Z,484,21,61,
2022-09-07T02:14:15Z,485,21,61,
2022-09-07T02:19:14Z,486,21,61,
2022-09-07T02:24:14Z,487,21,61,
2022-09-07T02:29:13Z,488,21,61,
2022-09-07T02:34:12Z,489,21,61,
2022-09-07T02:39:12Z,490,21,61,
2022-09-07T02:44:11Z,491,21,61,
2022-09-07T02:49:12Z,492,21,61,
2022-09-07T02:54:10Z,493,21,61,
2022-09-07T02:59:10Z,494,21,61,
2022-09-07T03:04:09Z,495,21,61,
2022-09-07T03:09:08Z,496,21,61,
2022-09-07T03:14:07Z,497,21,61,
2022-09-07T03:19:07Z,498,21,61,
2022-09-07T03:24:06Z,499,21,61,
2022-09-07T03:29:05Z,500,21,61,
2022-09-07T03:34:06Z,501,21,61,
2022-09-07T03:39:04Z,502,21,61,
2022-09-07T03:44:04Z,503,21,61,
2022-09-07T03:49:03Z,504,21,61,
2022-09-07T03:54:03Z,505,21,60,
2022-09-07T03:59:02Z,506,21,60,
2022-09-07T04:04:01Z,507,21,60,
2022-09-07T04:09:01Z,508,21,60,
2022-09-07T04:14:00Z,509,21,60,
2022-09-07T04:19:00Z,510,21,60,
2022-09-07T04:23:59Z,511,21,60,
2022-09-07T04:28:58Z,512,21,60,
2022-09-07T04:33:58Z,513,21,60,
2022-09-07T04:38:57Z,514,21,60,
2022-09-07T04:43:56Z,515,21,60,
2022-09-07T04:48:56Z,516,21,60,
2022-09-07T04:53:55Z,517,21,60,
2022-09-07T04:58:54Z,518,21,60,
2022-09-07T05:03:53Z,519,21,60,
2022-09-07T05:08:53Z,520,21,60,
2022-09-07T05:13:52Z,521,21,60,
2022-09-07T05:18:52Z,522,21,60,
2022-09-07T05:23:51Z,523,21,60,
2022-09-07T05:28:50Z,524,21,60,
2022-09-07T05:33:50Z,525,21,60,
2022-09-07T05:38:49Z,526,21,60,
2022-09-07T05:43:49Z,527,21,60,
2022-09-07T05:48:48Z,528,21,60,
2022-09-07T05:53:47Z,529,21,60,
2022-09-07T05:58:47Z,530,21,60,
2022-09-07T06:03:46Z,531,21,60,
2022-09-07T06:08:45Z,532,21,59,
2022-09-07T06:13:45Z,533,21,59,
2022-09-07T06:18:44Z,534,21,59,
2022-09-07T06:23:44Z,535,21,59,
2022-09-07T06:28:44Z,536,21,59,
2022-09-07T06:33:43Z,537,21,59,
2022-09-07T06:38:42Z,538,21,59,
2022-09-07T06:43:42Z,539,21,59,
2022-09-07T06:48:41Z,540,21,59,
2022-09-07T06:53:40Z,541,21,59,
2022-09-07T06:58:39Z,542,21,59,
2022-09-07T07:03:38Z,543,21,59,
2022-09-07T07:08:38Z,544,21,59,
2022-09-07T07:13:37Z,545,21,59,
2022-09-07T07:18:37Z,546,21,59,
2022-09-07T07:23:36Z,547,21,59,
2022-09-07T07:28:36Z,548,21,59,
2022-09-07T07:33:35Z,549,21,59,
2022-09-07T07:38:35Z,550,21,59,
2022-09-07T07:43:34Z,551,21,59,
2022-09-07T07:48:34Z,552,21,59,
2022-09-07T07:53:33Z,553,21,59,
2022-09-07T07:58:33Z,554,21,59,
2022-09-07T08:03:32Z,555,21,60,
2022-09-07T08:08:31Z,556,21,60,
2022-09-07T08:13:31Z,557,21,60,
2022-09-07T08:18:30Z,558,22,60,
2022-09-07T08:23:29Z,559,22,60,
2022-09-07T08:28:29Z,560,22,59,
2022-09-07T08:33:18Z,561,23,84,
2022-09-07T08:33:27Z,562,23,66,
2022-09-07T08:33:35Z,563,23,63,
2022-09-07T08:33:44Z,564,23,62,
2022-09-07T08:33:52Z,565,23,61,
2022-09-07T08:34:01Z,566,23,61,
2022-09-07T08:34:09Z,567,23,61,
2022-09-07T08:34:18Z,568,23,61,
2022-09-07T08:34:26Z,569,23,61,
2022-09-07T08:34:35Z,570,23,62,
2022-09-07T08:34:43Z,571,23,62,
2022-09-07T08:34:51Z,572,23,62,
2022-09-07T08:35:00Z,573,23,63,
2022-09-07T08:35:08Z,574,23,63,
2022-09-07T08:35:11Z,575,23,63,
2022-09-07T08:39:46Z,576,23,63,
2022-09-07T08:44:44Z,577,23,57,
2022-09-07T08:49:43Z,578,22,57,
2022-09-07T08:54:43Z,579,22,58,
2022-09-07T08:59:42Z,580,22,58,
2022-09-07T09:04:42Z,581,22,58,
2022-09-07T09:09:42Z,582,22,58,
2022-09-07T09:14:41Z,583,22,58,
2022-09-07T09:19:40Z,584,22,58,
2022-09-07T09:24:40Z,585,22,58,
2022-09-07T09:29:40Z,586,22,58,
2022-09-07T09:34:39Z,587,22,58,
2022-09-07T09:39:38Z,588,22,58,
2022-09-07T09:44:38Z,589,22,58,
2022-09-07T09:48:01Z,590,22,74,
2022-09-07T09:48:10Z,591,23,66,
2022-09-07T09:48:18Z,592,23,63,
2022-09-07T09:48:27Z,593,23,61,
2022-09-07T09:48:35Z,594,23,61,
2022-09-07T09:48:44Z,595,23,59,
2022-09-07T09:48:52Z,596,23,59,
2022-09-07T09:50:12Z,597,23,60,
2022-09-07T09:50:20Z,598,23,58,
2022-09-07T09:50:47Z,599,26,0,
2022-09-07T09:50:56Z,600,26,0,
2022-09-07T09:51:04Z,601,25,78,
2022-09-07T09:51:09Z,602,25,78,
2022-09-07T09:55:46Z,603,25,75,
2022-09-07T10:00:43Z,604,24,52,
2022-09-07T10:05:41Z,605,23,54,
2022-09-07T10:10:40Z,606,23,56,
2022-09-07T10:15:40Z,607,23,56,
2022-09-07T10:20:39Z,608,22,57,
2022-09-07T10:25:39Z,609,22,57,
2022-09-07T10:30:38Z,610,22,57,
2022-09-07T10:35:37Z,611,22,57,
2022-09-07T10:40:37Z,612,22,57,
2022-09-07T10:43:16Z,613,,,1
2022-09-07T10:45:36Z,614,22,57,
2022-09-07T10:50:36Z,615,22,58,
2022-09-07T10:55:35Z,616,22,57,
2022-09-07T11:00:35Z,617,22,57,
2022-09-07T11:05:34Z,618,22,57,
2022-09-07T11:10:28Z,619,,,1
2022-09-07T11:10:34Z,620,22,57,
2022-09-07T11:15:33Z,621,22,58,
2022-09-07T11:20:33Z,622,22,58,
2022-09-07T11:25:32Z,623,22,58,
2022-09-07T11:30:32Z,624,22,58,
2022-09-07T11:35:31Z,625,22,58,
2022-09-07T11:40:31Z,626,22,58,
2022-09-07T11:45:31Z,627,22,58,
2022-09-07T11:50:30Z,628,22,58,
2022-09-07T11:55:30Z,629,22,58,
2022-09-07T12:00:30Z,630,22,58,
2022-09-07T12:05:29Z,631,22,58,
2022-09-07T12:10:28Z,632,22,58,
2022-09-07T12:15:28Z,633,22,58,
2022-09-07T12:20:28Z,634,22,58,
2022-09-07T12:25:27Z,635,22,58,
2022-09-07T12:30:27Z,636,22,58,
2022-09-07T12:35:26Z,637,22,59,
2022-09-07T12:40:26Z,638,22,58,
2022-09-07T12:45:26Z,639,22,58,
2022-09-07T12:50:25Z,640,22,58,
2022-09-07T12:55:25Z,641,22,58,
2022-09-07T13:00:24Z,642,22,59,
2022-09-07T13:05:23Z,643,22,59,
2022-09-07T13:10:23Z,644,22,59,
2022-09-07T13:15:22Z,645,22,59,
2022-09-07T13:20:22Z,646,22,59,
2022-09-07T13:25:21Z,647,22,59,
2022-09-07T13:30:21Z,648,22,59,
2022-09-07T13:35:20Z,649,22,59,
2022-09-07T13:40:20Z,650,22,59,
2022-09-07T13:45:19Z,651,22,59,
2022-09-07T13:50:19Z,652,22,59,
2022-09-07T13:55:18Z,653,22,59,
2022-09-07T14:00:18Z,654,22,59,
2022-09-07T14:05:17Z,655,22,59,
2022-09-07T14:10:16Z,656,22,59,
2022-09-07T14:15:16Z,657,22,59,
2022-09-07T14:20:15Z,658,22,59,
2022-09-07T14:25:15Z,659,22,59,
2022-09-07T14:30:15Z,660,22,59,
2022-09-07T14:35:14Z,661,22,59,
2022-09-07T14:40:13Z,662,22,59,
2022-09-07T14:45:13Z,663,22,59,
2022-09-07T14:50:13Z,664,22,59,
2022-09-07T14:55:13Z,665,22,59,
2022-09-07T15:00:12Z,666,22,59,
2022-09-07T15:05:12Z,667,22,59,
2022-09-07T15:10:11Z,668,22,59,
2022-09-07T15:15:10Z,669,22,59,
2022-09-07T15:20:10Z,670,22,59,
2022-09-07T15:25:09Z,671,22,59,
2022-09-07T15:30:09Z,672,22,59,
2022-09-07T15:35:08Z,673,22,59,
2022-09-07T15:40:09Z,674,22,59,
2022-09-07T15:45:07Z,675,22,60,
2022-09-07T15:50:07Z,676,22,60,
2022-09-07T15:55:06Z,677,22,60,
2022-09-07T16:00:06Z,678,22,60,
2022-09-07T16:03:22Z,679,23,63,
2022-09-07T16:03:30Z,680,23,65,
2022-09-07T16:03:39Z,681,23,60,
2022-09-07T16:03:47Z,682,23,59,
2022-09-07T16:03:56Z,683,23,58,
2022-09-07T16:04:04Z,684,23,57,
2022-09-07T16:04:12Z,685,23,57,
2022-09-07T16:06:44Z,686,23,57,
2022-09-07T16:06:51Z,687,24,57,
2022-09-07T16:07:00Z,688,23,56,
2022-09-07T16:07:08Z,689,23,56,
2022-09-07T16:11:42Z,690,23,56,
2022-09-07T16:16:32Z,691,23,61,
2022-09-07T16:16:40Z,692,23,59,
2022-09-07T16:16:48Z,693,23,58,
2022-09-07T16:16:57Z,694,23,57,
2022-09-07T16:17:05Z,695,23,57,
2022-09-07T16:17:14Z,696,23,57,
2022-09-07T16:17:22Z,697,23,57,
2022-09-07T16:17:30Z,698,23,57,
2022-09-07T16:17:39Z,699,23,57,
2022-09-07T16:17:47Z,700,23,57,
2022-09-07T16:17:55Z,701,23,57,
2022-09-07T16:18:04Z,702,23,57,
2022-09-07T16:19:41Z,703,23,57,
2022-09-07T16:19:52Z,704,23,56,
2022-09-07T16:20:02Z,705,23,56,
2022-09-07T16:20:12Z,706,23,59,
2022-09-07T16:20:22Z,707,23,58,
2022-09-07T16:20:33Z,708,23,57,
2022-09-07T16:20:43Z,709,23,56,
2022-09-07T16:20:53Z,710,23,56,
2022-09-07T16:21:03Z,711,23,56,
2022-09-07T16:21:07Z,712,23,56,
2022-09-07T16:25:28Z,713,24,58,
2022-09-07T16:25:38Z,714,24,59,
2022-09-07T16:25:48Z,715,24,57,
2022-09-07T16:25:58Z,716,24,56,
2022-09-07T16:26:08Z,717,24,56,
2022-09-07T16:26:19Z,718,24,56,
2022-09-07T16:26:29Z,719,24,55,
2022-09-07T16:26:39Z,720,23,55,
2022-09-07T16:27:43Z,721,23,55,31
2022-09-07T16:27:53Z,722,24,56,31
2022-09-07T16:28:03Z,723,23,56,31
2022-09-07T16:28:14Z,724,23,56,31
2022-09-07T16:28:24Z,725,24,56,31
2022-09-07T16:28:34Z,726,24,56,31
2022-09-07T16:28:45Z,727,23,56,31
2022-09-07T16:28:55Z,728,23,56,31
2022-09-07T16:29:05Z,729,23,56,31
2022-09-07T16:29:15Z,730,23,56,31
2022-09-07T16:29:26Z,731,24,56,31
2022-09-07T16:34:49Z,732,24,54,32
2022-09-07T16:34:59Z,733,24,56,32
2022-09-07T16:35:10Z,734,24,55,32
2022-09-07T16:39:50Z,735,24,55,36
2022-09-07T16:42:36Z,736,24,57,32
2022-09-07T16:42:46Z,737,24,58,32
2022-09-07T16:42:56Z,738,23,57,32
2022-09-07T16:43:07Z,739,23,56,32
2022-09-07T16:43:17Z,740,24,56,32
2022-09-07T16:43:27Z,741,24,56,32
2022-09-07T16:44:13Z,742,24,56,
2022-09-07T16:44:23Z,743,24,56,
2022-09-07T16:44:33Z,744,24,56,
2022-09-07T16:44:44Z,745,24,56,
2022-09-07T16:44:54Z,746,24,56,
2022-09-07T16:53:12Z,747,24,59,
2022-09-07T16:53:22Z,748,24,57,
2022-09-07T16:53:29Z,749,25,55,
2022-09-07T16:58:02Z,750,24,55,
2022-09-07T17:03:00Z,751,24,54,
2022-09-07T17:07:57Z,752,24,56,
2022-09-07T17:12:56Z,753,23,57,
2022-09-07T17:14:15Z,754,23,61,
2022-09-07T17:14:25Z,755,23,60,
2022-09-07T17:14:35Z,756,24,58,
2022-09-07T17:14:45Z,757,24,57,
2022-09-07T17:14:56Z,758,24,57,
2022-09-07T17:20:52Z,759,24,57,31
2022-09-07T17:30:50Z,760,23,57,35
2022-09-07T17:40:49Z,761,23,57,36
2022-09-07T17:50:47Z,762,23,57,36
2022-09-07T18:00:46Z,763,23,58,36
2022-09-07T18:10:45Z,764,23,58,36
2022-09-07T18:20:44Z,765,22,58,36
2022-09-07T18:29:29Z,766,23,64,31
2022-09-07T18:32:17Z,767,23,58,31
2022-09-07T18:36:53Z,768,23,58,
2022-09-07T18:41:52Z,769,23,58,
2022-09-07T18:46:51Z,770,23,58,
2022-09-07T18:51:50Z,771,23,58,
2022-09-07T18:56:50Z,772,23,59,
2022-09-07T19:01:49Z,773,23,59,
2022-09-07T19:06:48Z,774,23,59,
2022-09-07T19:11:47Z,775,23,59,
2022-09-07T19:16:47Z,776,23,59,
2022-09-07T19:21:46Z,777,22,59,
2022-09-07T19:26:45Z,778,22,59,
2022-09-07T19:31:45Z,779,22,59,
2022-09-07T19:36:45Z,780,22,60,
2022-09-07T19:41:44Z,781,22,60,
2022-09-07T19:46:43Z,782,22,60,
2022-09-07T19:51:42Z,783,22,60,
2022-09-07T19:56:42Z,784,22,60,
2022-09-07T20:01:42Z,785,22,60,
2022-09-07T20:06:41Z,786,22,60,
2022-09-07T20:11:41Z,787,22,60,
2022-09-07T20:16:40Z,788,22,60,
2022-09-07T20:21:39Z,789,22,60,
2022-09-07T20:26:39Z,790,22,60,
2022-09-07T20:31:38Z,791,22,60,
2022-09-07T20:36:37Z,792,22,60,
2022-09-07T20:41:37Z,793,22,60,
2022-09-07T20:46:36Z,794,22,60,
2022-09-07T20:51:35Z,795,22,60,
2022-09-07T20:56:35Z,796,22,60,
2022-09-07T21:01:34Z,797,22,60,
2022-09-07T21:06:34Z,798,22,60,
2022-09-07T21:11:33Z,799,22,60,
2022-09-07T21:16:33Z,800,22,60,
2022-09-07T21:21:02Z,801,23,69,30
2022-09-07T21:25:40Z,802,23,65,
2022-09-07T21:26:59Z,803,22,67,30
2022-09-07T21:31:36Z,804,22,65,
2022-09-07T21:36:35Z,805,22,60,
2022-09-07T21:41:34Z,806,22,61,
2022-09-07T21:46:34Z,807,22,61,
2022-09-07T21:51:33Z,808,22,62,
2022-09-07T21:56:33Z,809,22,62,
2022-09-07T22:01:32Z,810,22,62,
2022-09-07T22:06:31Z,811,22,62,
2022-09-07T22:11:31Z,812,22,62,
2022-09-07T22:16:30Z,813,22,62,
2022-09-07T22:21:30Z,814,22,62,
2022-09-07T22:26:29Z,815,22,62,
2022-09-07T22:31:29Z,816,22,62,
2022-09-07T22:36:28Z,817,22,62,
2022-09-07T22:41:28Z,818,22,62,
2022-09-07T22:46:27Z,819,22,62,
2022-09-07T22:51:27Z,820,22,62,
2022-09-07T22:56:26Z,821,22,62,
2022-09-07T23:06:26Z,822,22,62,34
2022-09-07T23:11:25Z,823,22,62,
2022-09-07T23:16:24Z,824,22,62,
2022-09-07T23:21:24Z,825,22,62,
2022-09-07T23:26:23Z,826,22,62,
2022-09-07T23:31:23Z,827,22,62,
2022-09-07T23:36:23Z,828,22,62,
2022-09-07T23:41:22Z,829,22,62,
2022-09-07T23:46:22Z,830,22,62,
2022-09-07T23:51:21Z,831,22,62,
2022-09-07T23:56:21Z,832,22,62,
2022-09-08T00:06:20Z,833,22,62,34
2022-09-08T00:11:19Z,834,22,62,
2022-09-08T00:16:19Z,835,22,62,
2022-09-08T00:21:18Z,836,22,62,
2022-09-08T00:26:18Z,837,22,62,
2022-09-08T00:31:17Z,838,22,62,
2022-09-08T00:36:17Z,839,22,62,
2022-09-08T00:41:16Z,840,22,62,
2022-09-08T00:46:16Z,841,22,62,
2022-09-08T00:51:15Z,842,22,62,
2022-09-08T00:56:15Z,843,22,62,
2022-09-08T01:06:14Z,844,22,62,34
2022-09-08T01:11:14Z,845,22,62,
2022-09-08T01:16:13Z,846,21,62,
2022-09-08T01:21:13Z,847,22,62,
2022-09-08T01:26:12Z,848,21,62,
2022-09-08T01:31:12Z,849,21,62,
2022-09-08T01:36:11Z,850,21,62,
2022-09-08T01:41:11Z,851,21,62,
2022-09-08T01:46:10Z,852,21,62,
2022-09-08T01:51:10Z,853,21,62,
2022-09-08T01:56:09Z,854,21,62,
2022-09-08T02:06:08Z,855,22,62,34
2022-09-08T02:11:08Z,856,21,62,
2022-09-08T02:16:07Z,857,21,62,
2022-09-08T02:21:07Z,858,21,62,
2022-09-08T02:26:06Z,859,21,62,
2022-09-08T02:31:06Z,860,21,62,
2022-09-08T02:36:05Z,861,21,62,
2022-09-08T02:41:05Z,862,21,62,
2022-09-08T02:46:04Z,863,21,62,
2022-09-08T02:51:04Z,864,21,62,
2022-09-08T02:56:04Z,865,21,62,
2022-09-08T03:06:03Z,866,21,62,34
2022-09-08T03:11:02Z,867,21,62,
2022-09-08T03:16:02Z,868,21,62,
2022-09-08T03:21:01Z,869,21,62,
2022-09-08T03:26:01Z,870,21,62,
2022-09-08T03:31:01Z,871,21,62,
2022-09-08T03:36:00Z,872,21,61,
2022-09-08T03:41:00Z,873,21,61,
2022-09-08T03:45:59Z,874,21,61,
2022-09-08T03:50:59Z,875,21,61,
2022-09-08T03:55:58Z,876,21,61,
2022-09-08T04:05:57Z,877,21,61,34
2022-09-08T04:10:57Z,878,21,61,
2022-09-08T04:15:57Z,879,21,61,
2022-09-08T04:20:56Z,880,21,61,
2022-09-08T04:25:55Z,881,21,61,
2022-09-08T04:30:55Z,882,21,61,
2022-09-08T04:35:55Z,883,21,61,
2022-09-08T04:40:54Z,884,21,61,
2022-09-08T04:45:54Z,885,21,61,
2022-09-08T04:50:53Z,886,21,61,
2022-09-08T04:55:53Z,887,21,61,
2022-09-08T05:05:52Z,888,21,61,34
2022-09-08T05:10:51Z,889,21,61,
2022-09-08T05:15:51Z,890,21,61,
2022-09-08T05:20:51Z,891,21,61,
2022-09-08T05:25:50Z,892,21,60,
2022-09-08T05:30:49Z,893,21,61,
2022-09-08T05:35:49Z,894,21,60,
2022-09-08T05:40:49Z,895,21,60,
2022-09-08T05:45:48Z,896,21,60,
2022-09-08T05:50:48Z,897,21,60,
2022-09-08T05:55:47Z,898,21,60,
2022-09-08T06:00:47Z,899,21,60,
2022-09-08T06:05:46Z,900,21,60,
2022-09-08T06:10:46Z,901,21,60,
2022-09-08T06:15:45Z,902,21,60,
2022-09-08T06:20:45Z,903,21,60,
2022-09-08T06:25:45Z,904,21,60,
2022-09-08T06:30:44Z,905,21,60,
2022-09-08T06:35:44Z,906,21,60,
2022-09-08T06:40:43Z,907,21,60,
2022-09-08T06:45:43Z,908,21,60,
2022-09-08T06:50:42Z,909,21,60,
2022-09-08T06:55:42Z,910,21,60,
2022-09-08T07:00:41Z,911,21,60,
2022-09-08T07:05:41Z,912,21,60,
2022-09-08T07:10:40Z,913,21,60,
2022-09-08T07:15:40Z,914,21,60,
2022-09-08T07:20:40Z,915,21,60,
2022-09-08T07:25:39Z,916,21,60,
2022-09-08T07:30:39Z,917,21,60,
2022-09-08T07:35:38Z,918,21,60,
2022-09-08T07:40:38Z,919,21,60,
2022-09-08T07:45:37Z,920,21,60,
2022-09-08T07:50:37Z,921,21,60,
2022-09-08T07:55:36Z,922,21,60,
2022-09-08T08:00:36Z,923,21,60,
2022-09-08T08:05:36Z,924,21,60,
2022-09-08T08:10:35Z,925,21,60,
2022-09-08T08:15:35Z,926,21,61,
2022-09-08T08:20:34Z,927,21,61,
2022-09-08T08:25:34Z,928,21,61,
2022-09-08T08:30:34Z,929,21,61,
2022-09-08T08:35:33Z,930,21,61,
2022-09-08T08:40:33Z,931,21,61,
2022-09-08T08:45:32Z,932,21,61,
2022-09-08T08:50:32Z,933,21,61,
2022-09-08T08:55:31Z,934,21,61,
2022-09-08T09:00:31Z,935,21,61,
2022-09-08T09:05:31Z,936,21,61,
2022-09-08T09:10:30Z,937,21,61,
2022-09-08T09:15:30Z,938,21,61,
2022-09-08T09:20:29Z,939,21,61,
2022-09-08T09:25:29Z,940,21,61,
2022-09-08T09:30:28Z,941,21,62,
2022-09-08T09:35:28Z,942,21,62,
2022-09-08T09:40:27Z,943,21,62,
2022-09-08T09:45:27Z,944,21,62,
2022-09-08T09:50:26Z,945,21,62,
2022-09-08T09:55:26Z,946,21,62,
2022-09-08T10:00:25Z,947,21,62,
2022-09-08T10:05:25Z,948,21,62,
2022-09-08T10:10:24Z,949,21,62,
2022-09-08T10:15:24Z,950,21,62,
2022-09-08T10:20:23Z,951,21,62,
2022-09-08T10:25:23Z,952,21,63,
2022-09-08T10:30:22Z,953,21,63,
2022-09-08T10:35:22Z,954,21,62,
2022-09-08T10:40:21Z,955,21,63,
2022-09-08T10:45:21Z,956,21,63,
2022-09-08T10:50:21Z,957,21,63,
2022-09-08T10:55:20Z,958,21,62,
2022-09-08T11:00:20Z,959,21,62,
2022-09-08T11:05:19Z,960,21,62,
2022-09-08T11:10:19Z,961,21,62,
2022-09-08T11:15:18Z,962,21,63,
2022-09-08T11:20:18Z,963,21,63,
2022-09-08T11:25:18Z,964,21,63,
2022-09-08T11:30:17Z,965,21,63,
2022-09-08T11:35:17Z,966,21,63,
2022-09-08T11:40:16Z,967,21,63,
2022-09-08T11:45:15Z,968,21,63,
2022-09-08T11:50:15Z,969,21,63,
2022-09-08T11:55:15Z,970,21,63,
2022-09-08T12:00:14Z,971,21,63,
2022-09-08T12:05:14Z,972,21,63,
2022-09-08T12:10:13Z,973,22,63,
2022-09-08T12:15:13Z,974,21,63,
2022-09-08T12:20:12Z,975,21,63,
2022-09-08T12:25:12Z,976,22,63,
2022-09-08T12:30:11Z,977,22,63,
2022-09-08T12:35:11Z,978,22,63,
2022-09-08T12:40:11Z,979,22,63,
2022-09-08T12:45:10Z,980,22,63,
2022-09-08T12:50:10Z,981,21,63,
2022-09-08T12:55:09Z,982,22,64,
2022-09-08T13:00:09Z,983,22,64,
2022-09-08T13:05:08Z,984,21,63,
2022-09-08T13:10:08Z,985,22,63,
2022-09-08T13:15:07Z,986,22,64,
2022-09-08T13:20:07Z,987,22,64,
2022-09-08T13:25:06Z,988,21,64,
2022-09-08T13:30:06Z,989,22,63,
2022-09-08T13:35:05Z,990,21,63,
2022-09-08T13:40:05Z,991,21,64,
2022-09-08T13:45:05Z,992,21,64,
2022-09-08T13:50:04Z,993,22,63,
2022-09-08T13:55:04Z,994,22,64,
2022-09-08T14:00:03Z,995,22,63,
2022-09-08T14:05:03Z,996,22,64,
2022-09-08T14:10:02Z,997,22,64,
2022-09-08T14:15:02Z,998,21,64,
2022-09-08T14:20:02Z,999,22,64,
2022-09-08T14:25:01Z,1000,22,64,
2022-09-08T14:30:01Z,1001,22,64,
2022-09-08T14:35:00Z,1002,22,64,
2022-09-08T14:40:00Z,1003,22,64,
2022-09-08T14:44:59Z,1004,22,64,
2022-09-08T14:49:59Z,1005,22,64,
2022-09-08T14:54:58Z,1006,22,64,
2022-09-08T14:59:58Z,1007,22,64,
2022-09-08T15:04:58Z,1008,22,64,
2022-09-08T15:09:57Z,1009,22,64,
2022-09-08T15:14:57Z,1010,22,64,
2022-09-08T15:19:56Z,1011,22,64,
2022-09-08T15:24:56Z,1012,22,64,
2022-09-08T15:29:56Z,1013,22,64,
2022-09-08T15:34:55Z,1014,22,64,
2022-09-08T15:39:54Z,1015,22,64,
2022-09-08T15:44:54Z,1016,22,64,
2022-09-08T15:49:53Z,1017,22,64,
2022-09-08T15:54:53Z,1018,22,64,
2022-09-08T15:59:52Z,1019,22,65,
2022-09-08T16:04:52Z,1020,22,65,
2022-09-08T16:09:52Z,1021,22,65,
2022-09-08T16:14:51Z,1022,22,65,
2022-09-08T16:19:51Z,1023,22,65,
2022-09-08T16:24:50Z,1024,22,65,
2022-09-08T16:29:50Z,1025,22,65,
2022-09-08T16:34:49Z,1026,21,65,
2022-09-08T16:39:49Z,1027,22,65,
2022-09-08T16:44:49Z,1028,21,64,
2022-09-08T16:49:48Z,1029,21,64,
2022-09-08T16:54:47Z,1030,21,64,
2022-09-08T16:59:47Z,1031,21,64,
2022-09-08T17:04:46Z,1032,21,64,
2022-09-08T17:09:46Z,1033,21,64,
2022-09-08T17:14:46Z,1034,21,64,
2022-09-08T17:19:45Z,1035,21,64,
2022-09-08T17:24:45Z,1036,21,64,
2022-09-08T17:29:44Z,1037,21,64,
2022-09-08T17:34:44Z,1038,21,64,
2022-09-08T17:39:44Z,1039,21,64,
2022-09-08T17:44:43Z,1040,21,64,
2022-09-08T17:49:43Z,1041,21,64,
2022-09-08T17:54:42Z,1042,21,64,
2022-09-08T17:59:42Z,1043,21,64,
2022-09-08T18:04:42Z,1044,21,64,
2022-09-08T18:09:41Z,1045,21,64,
2022-09-08T18:14:40Z,1046,21,64,
2022-09-08T18:19:40Z,1047,21,64,
2022-09-08T18:24:39Z,1048,21,65,
2022-09-08T18:29:39Z,1049,21,65,
2022-09-08T18:34:39Z,1050,21,64,
2022-09-08T18:39:38Z,1051,21,65,
2022-09-08T18:44:37Z,1052,21,65,
2022-09-08T18:49:37Z,1053,21,65,
2022-09-08T18:54:36Z,1054,21,65,
2022-09-08T18:59:36Z,1055,21,65,
2022-09-08T19:04:35Z,1056,21,65,
2022-09-08T19:09:35Z,1057,21,65,
2022-09-08T19:14:35Z,1058,21,65,
2022-09-08T19:19:34Z,1059,21,64,
2022-09-08T19:24:34Z,1060,21,64,
2022-09-08T19:29:33Z,1061,21,65,
2022-09-08T19:34:33Z,1062,21,64,
2022-09-08T19:39:33Z,1063,21,64,
2022-09-08T19:44:32Z,1064,21,64,
2022-09-08T19:49:32Z,1065,21,64,
2022-09-08T19:54:31Z,1066,21,64,
2022-09-08T19:59:31Z,1067,21,64,
2022-09-08T20:04:31Z,1068,21,64,
2022-09-08T20:09:30Z,1069,21,64,
2022-09-08T20:14:30Z,1070,21,64,
2022-09-08T20:19:29Z,1071,21,64,
2022-09-08T20:24:29Z,1072,21,64,
2022-09-08T20:29:28Z,1073,21,64,
2022-09-08T20:34:28Z,1074,21,64,
2022-09-08T20:39:27Z,1075,21,64,
2022-09-08T20:44:27Z,1076,21,64,
2022-09-08T20:49:27Z,1077,21,64,
2022-09-08T20:54:26Z,1078,21,64,
2022-09-08T20:59:26Z,1079,21,64,
2022-09-08T21:04:26Z,1080,21,64,
2022-09-08T21:09:26Z,1081,21,64,
2022-09-08T21:14:24Z,1082,21,64,
2022-09-08T21:19:24Z,1083,21,64,
2022-09-08T21:24:24Z,1084,21,64,
2022-09-08T21:29:23Z,1085,21,64,
2022-09-08T21:34:23Z,1086,21,64,
2022-09-08T21:39:22Z,1087,21,64,
2022-09-08T21:44:22Z,1088,21,64,
2022-09-08T21:49:21Z,1089,21,64,
2022-09-08T21:54:21Z,1090,21,64,
2022-09-08T21:59:20Z,1091,21,64,
2022-09-08T22:04:20Z,1092,21,64,
2022-09-08T22:09:20Z,1093,21,64,
2022-09-08T22:14:19Z,1094,21,64,
2022-09-08T22:19:19Z,1095,21,64,
2022-09-08T22:24:18Z,1096,21,64,
2022-09-08T22:29:18Z,1097,21,64,
2022-09-08T22:34:17Z,1098,21,64,
2022-09-08T22:39:17Z,1099,21,64,
2022-09-08T22:44:16Z,1100,21,64,
2022-09-08T22:49:16Z,1101,21,64,
2022-09-08T22:54:15Z,1102,21,64,
2022-09-08T23:04:14Z,1103,21,64,34
2022-09-08T23:09:14Z,1104,21,64,
2022-09-08T23:14:13Z,1105,21,64,
2022-09-08T23:19:13Z,1106,21,64,
2022-09-08T23:24:12Z,1107,21,64,
2022-09-08T23:29:12Z,1108,21,64,
2022-09-08T23:34:11Z,1109,21,64,
2022-09-08T23:39:11Z,1110,21,64,
2022-09-08T23:44:10Z,1111,21,64,
2022-09-08T23:49:10Z,1112,21,64,
2022-09-08T23:54:09Z,1113,21,64,
2022-09-09T00:04:09Z,1114,21,64,34
2022-09-09T00:09:08Z,1115,21,64,
2022-09-09T00:14:07Z,1116,21,64,
2022-09-09T00:19:07Z,1117,21,64,
2022-09-09T00:24:07Z,1118,21,64,
2022-09-09T00:29:06Z,1119,21,64,
2022-09-09T00:34:06Z,1120,21,64,
2022-09-09T00:39:05Z,1121,21,64,
2022-09-09T00:44:05Z,1122,21,64,
2022-09-09T00:49:05Z,1123,21,64,
2022-09-09T00:54:04Z,1124,21,64,
2022-09-09T01:04:03Z,1125,21,64,34
2022-09-09T01:09:03Z,1126,21,64,
2022-09-09T01:14:02Z,1127,21,64,
2022-09-09T01:19:02Z,1128,21,64,
2022-09-09T01:24:01Z,1129,21,64,
2022-09-09T01:29:01Z,1130,21,64,
2022-09-09T01:34:01Z,1131,21,64,
2022-09-09T01:39:00Z,1132,21,64,
2022-09-09T01:44:00Z,1133,21,64,
2022-09-09T01:48:59Z,1134,21,64,
2022-09-09T01:53:59Z,1135,21,64,
2022-09-09T02:03:58Z,1136,21,64,34
2022-09-09T02:08:57Z,1137,21,64,
2022-09-09T02:13:57Z,1138,21,64,
2022-09-09T02:18:56Z,1139,21,64,
2022-09-09T02:23:56Z,1140,21,64,
2022-09-09T02:28:55Z,1141,21,64,
2022-09-09T02:33:55Z,1142,21,64,
2022-09-09T02:38:54Z,1143,21,64,
2022-09-09T02:43:54Z,1144,21,64,
2022-09-09T02:48:53Z,1145,21,64,
2022-09-09T02:53:53Z,1146,21,64,
2022-09-09T03:03:53Z,1147,21,64,34
2022-09-09T03:08:52Z,1148,21,64,
2022-09-09T03:13:52Z,1149,21,64,
2022-09-09T03:18:51Z,1150,21,64,
2022-09-09T03:23:50Z,1151,21,64,
2022-09-09T03:28:49Z,1152,21,64,
2022-09-09T03:33:49Z,1153,21,64,
2022-09-09T03:38:49Z,1154,21,64,
2022-09-09T03:43:48Z,1155,21,64,
2022-09-09T03:48:48Z,1156,21,64,
2022-09-09T03:53:47Z,1157,21,64,
2022-09-09T04:03:46Z,1158,21,64,34
2022-09-09T04:08:47Z,1159,21,64,
2022-09-09T04:13:45Z,1160,21,64,
2022-09-09T04:18:45Z,1161,21,64,
2022-09-09T04:23:45Z,1162,21,64,
2022-09-09T04:28:44Z,1163,21,64,
2022-09-09T04:33:44Z,1164,21,64,
2022-09-09T04:38:43Z,1165,21,64,
2022-09-09T04:43:43Z,1166,21,64,
2022-09-09T04:48:42Z,1167,21,64,
2022-09-09T04:53:42Z,1168,21,64,
2022-09-09T05:03:41Z,1169,21,64,34
2022-09-09T05:08:41Z,1170,21,64,
2022-09-09T05:13:40Z,1171,21,64,
2022-09-09T05:18:39Z,1172,21,64,
2022-09-09T05:23:39Z,1173,21,64,
2022-09-09T05:28:39Z,1174,21,64,
2022-09-09T05:33:38Z,1175,21,64,
2022-09-09T05:38:38Z,1176,21,64,
2022-09-09T05:43:37Z,1177,21,64,
2022-09-09T05:48:37Z,1178,21,64,
2022-09-09T05:53:36Z,1179,21,64,
2022-09-09T05:58:36Z,1180,21,64,
2022-09-09T06:03:36Z,1181,21,64,
2022-09-09T06:08:35Z,1182,21,64,
2022-09-09T06:13:35Z,1183,21,64,
2022-09-09T06:18:34Z,1184,21,64,
2022-09-09T06:23:34Z,1185,21,64,
2022-09-09T06:28:33Z,1186,21,64,
2022-09-09T06:33:33Z,1187,21,64,
2022-09-09T06:38:32Z,1188,21,64,
2022-09-09T06:43:32Z,1189,21,64,
2022-09-09T06:48:31Z,1190,21,64,
2022-09-09T06:53:31Z,1191,21,64,
2022-09-09T06:58:30Z,1192,21,64,
2022-09-09T07:03:30Z,1193,21,64,
2022-09-09T07:08:30Z,1194,21,64,
2022-09-09T07:13:29Z,1195,21,64,
2022-09-09T07:18:29Z,1196,21,64,
2022-09-09T07:23:28Z,1197,21,64,
2022-09-09T07:28:28Z,1198,21,64,
2022-09-09T07:33:27Z,1199,21,64,
2022-09-09T07:38:27Z,1200,21,64,
2022-09-09T07:43:26Z,1201,21,64,
2022-09-09T07:48:26Z,1202,21,64,
2022-09-09T07:53:26Z,1203,21,64,
2022-09-09T07:58:25Z,1204,21,64,
2022-09-09T08:03:25Z,1205,21,64,
2022-09-09T08:08:24Z,1206,21,64,
2022-09-09T08:13:24Z,1207,21,64,
2022-09-09T08:18:23Z,1208,21,64,
2022-09-09T08:23:23Z,1209,21,64,
2022-09-09T08:28:22Z,1210,21,64,
2022-09-09T08:33:22Z,1211,21,63,
2022-09-09T08:38:22Z,1212,21,63,
2022-09-09T08:43:21Z,1213,21,63,
2022-09-09T08:48:21Z,1214,21,63,
2022-09-09T08:53:20Z,1215,21,63,
2022-09-09T08:58:20Z,1216,21,63,
2022-09-09T09:03:19Z,1217,21,63,
2022-09-09T09:08:19Z,1218,21,63,
2022-09-09T09:13:18Z,1219,21,63,
2022-09-09T09:18:18Z,1220,21,63,
2022-09-09T09:23:18Z,1221,21,63,
2022-09-09T09:28:18Z,1222,21,63,
2022-09-09T09:33:17Z,1223,21,63,
2022-09-09T09:38:16Z,1224,21,63,
2022-09-09T09:43:16Z,1225,21,63,
2022-09-09T09:48:15Z,1226,21,63,
2022-09-09T09:53:15Z,1227,21,63,
2022-09-09T09:58:15Z,1228,21,63,
2022-09-09T10:03:14Z,1229,21,62,
2022-09-09T10:08:14Z,1230,21,63,
2022-09-09T10:13:13Z,1231,21,62,
2022-09-09T10:18:13Z,1232,21,62,
2022-09-09T10:23:12Z,1233,21,62,
2022-09-09T10:28:12Z,1234,21,62,
2022-09-09T10:33:11Z,1235,21,62,
2022-09-09T10:38:11Z,1236,21,62,
2022-09-09T10:43:10Z,1237,21,63,
2022-09-09T10:48:10Z,1238,21,62,
2022-09-09T10:53:10Z,1239,21,62,
2022-09-09T10:58:09Z,1240,21,62,
2022-09-09T11:03:09Z,1241,21,62,
2022-09-09T11:08:08Z,1242,21,62,
2022-09-09T11:13:08Z,1243,21,62,
2022-09-09T11:18:07Z,1244,21,62,
2022-09-09T11:23:07Z,1245,21,62,
2022-09-09T11:28:06Z,1246,21,62,
2022-09-09T11:33:06Z,1247,21,62,
2022-09-09T11:38:06Z,1248,21,61,
2022-09-09T11:43:05Z,1249,21,61,
2022-09-09T11:48:05Z,1250,21,61,
2022-09-09T11:53:04Z,1251,21,61,
2022-09-09T11:58:04Z,1252,21,60,
2022-09-09T12:03:04Z,1253,21,60,
2022-09-09T12:08:03Z,1254,21,60,
2022-09-09T12:13:03Z,1255,21,60,
2022-09-09T12:18:02Z,1256,21,60,
2022-09-09T12:23:03Z,1257,21,60,
2022-09-09T12:28:02Z,1258,22,60,
2022-09-09T12:33:01Z,1259,22,60,
2022-09-09T12:38:01Z,1260,22,60,
2022-09-09T12:43:00Z,1261,22,60,
2022-09-09T12:48:00Z,1262,22,60,
2022-09-09T12:52:59Z,1263,22,60,
2022-09-09T12:57:59Z,1264,22,60,
2022-09-09T13:02:58Z,1265,22,60,
2022-09-09T13:07:59Z,1266,22,61,
2022-09-09T13:12:58Z,1267,22,61,
2022-09-09T13:17:57Z,1268,22,61,
2022-09-09T13:22:57Z,1269,22,60,
2022-09-09T13:27:56Z,1270,21,60,
2022-09-09T13:32:56Z,1271,21,60,
2022-09-09T13:37:55Z,1272,21,60,
2022-09-09T13:42:54Z,1273,21,60,
2022-09-09T13:47:54Z,1274,21,60,
2022-09-09T13:52:54Z,1275,21,60,
2022-09-09T13:57:53Z,1276,21,60,
2022-09-09T14:02:53Z,1277,21,60,
2022-09-09T14:07:52Z,1278,21,60,
2022-09-09T14:12:52Z,1279,21,60,
2022-09-09T14:17:51Z,1280,21,60,
2022-09-09T14:22:51Z,1281,21,60,
2022-09-09T14:27:50Z,1282,21,60,
2022-09-09T14:32:52Z,1283,22,73,
2022-09-09T14:37:51Z,1284,23,56,
2022-09-09T14:42:50Z,1285,22,58,
2022-09-09T14:47:49Z,1286,22,59,
2022-09-09T14:52:48Z,1287,22,59,
2022-09-09T14:57:48Z,1288,22,60,
2022-09-09T15:02:47Z,1289,21,60,
2022-09-09T15:07:46Z,1290,21,60,
2022-09-09T15:12:46Z,1291,21,60,
2022-09-09T15:17:46Z,1292,21,60,
2022-09-09T15:22:45Z,1293,21,60,
2022-09-09T15:27:45Z,1294,21,60,
2022-09-09T15:32:44Z,1295,21,60,
2022-09-09T15:37:43Z,1296,21,60,
2022-09-09T15:42:43Z,1297,21,60,
2022-09-09T15:47:42Z,1298,21,60,
2022-09-09T15:52:42Z,1299,21,60,
2022-09-09T15:57:41Z,1300,21,60,
2022-09-09T16:02:41Z,1301,21,60,
2022-09-09T16:07:41Z,1302,21,60,
2022-09-09T16:12:40Z,1303,21,60,
2022-09-09T16:17:40Z,1304,21,60,
2022-09-09T16:22:39Z,1305,21,60,
2022-09-09T16:27:39Z,1306,21,60,
2022-09-09T16:32:39Z,1307,21,60,
2022-09-09T16:37:38Z,1308,21,60,
2022-09-09T16:42:38Z,1309,21,60,
2022-09-09T16:47:38Z,1310,21,60,
2022-09-09T16:52:37Z,1311,21,60,
2022-09-09T16:57:36Z,1312,21,60,
2022-09-09T17:02:36Z,1313,21,60,
2022-09-09T17:07:35Z,1314,21,60,
2022-09-09T17:12:35Z,1315,21,60,
2022-09-09T17:17:34Z,1316,21,60,
2022-09-09T17:22:34Z,1317,21,60,
2022-09-09T17:27:33Z,1318,21,60,
2022-09-09T17:32:33Z,1319,21,60,
2022-09-09T17:37:32Z,1320,21,60,
2022-09-09T17:42:32Z,1321,21,60,
2022-09-09T17:47:31Z,1322,21,60,
2022-09-09T17:52:31Z,1323,21,60,
2022-09-09T17:57:31Z,1324,21,60,
2022-09-09T18:02:30Z,1325,21,60,
2022-09-09T18:07:30Z,1326,21,60,
2022-09-09T18:12:29Z,1327,21,60,
2022-09-09T18:17:29Z,1328,21,60,
2022-09-09T18:22:28Z,1329,21,60,
2022-09-09T18:27:28Z,1330,21,60,
2022-09-09T18:32:27Z,1331,21,60,
2022-09-09T18:37:27Z,1332,21,60,
2022-09-09T18:42:26Z,1333,21,59,
2022-09-09T18:47:26Z,1334,21,59,
2022-09-09T18:52:26Z,1335,21,59,
2022-09-09T18:57:25Z,1336,21,59,
2022-09-09T19:02:25Z,1337,21,59,
2022-09-09T19:07:24Z,1338,21,59,
2022-09-09T19:12:24Z,1339,21,59,
2022-09-09T19:17:23Z,1340,21,59,
2022-09-09T19:22:23Z,1341,21,59,
2022-09-09T19:27:22Z,1342,21,59,
2022-09-09T19:32:22Z,1343,21,59,
2022-09-09T19:37:21Z,1344,21,59,
2022-09-09T19:42:21Z,1345,21,59,
2022-09-09T19:47:21Z,1346,21,59,
2022-09-09T19:52:20Z,1347,21,59,
2022-09-09T19:57:20Z,1348,21,59,
2022-09-09T20:02:20Z,1349,21,59,
2022-09-09T20:07:19Z,1350,21,59,
2022-09-09T20:12:19Z,1351,21,59,
2022-09-09T20:17:18Z,1352,21,59,
2022-09-09T20:22:18Z,1353,21,59,
2022-09-09T20:27:17Z,1354,21,59,
2022-09-09T20:32:17Z,1355,21,59,
2022-09-09T20:37:16Z,1356,21,59,
2022-09-09T20:42:16Z,1357,21,59,
2022-09-09T20:47:15Z,1358,21,59,
2022-09-09T20:52:15Z,1359,21,59,
2022-09-09T20:57:14Z,1360,21,59,
2022-09-09T21:02:13Z,1361,21,59,
2022-09-09T21:07:13Z,1362,21,59,
2022-09-09T21:12:13Z,1363,21,59,
2022-09-09T21:17:12Z,1364,21,59,
2022-09-09T21:22:12Z,1365,21,59,
2022-09-09T21:27:11Z,1366,21,59,
2022-09-09T21:32:11Z,1367,21,59,
2022-09-09T21:37:10Z,1368,21,59,
2022-09-09T21:42:10Z,1369,21,59,
2022-09-09T21:47:09Z,1370,21,59,
2022-09-09T21:52:09Z,1371,21,59,
2022-09-09T21:57:09Z,1372,21,59,
2022-09-09T22:02:08Z,1373,21,59,
2022-09-09T22:07:08Z,1374,21,59,
2022-09-09T22:12:07Z,1375,21,59,
2022-09-09T22:17:08Z,1376,21,59,
2022-09-09T22:22:06Z,1377,21,59,
2022-09-09T22:27:06Z,1378,21,59,
2022-09-09T22:32:06Z,1379,21,59,
2022-09-09T22:37:05Z,1380,21,59,
2022-09-09T22:42:05Z,1381,21,59,
2022-09-09T22:47:05Z,1382,21,59,
2022-09-09T22:52:04Z,1383,21,59,
2022-09-09T23:02:03Z,1384,21,59,34
2022-09-09T23:07:02Z,1385,21,59,
2022-09-09T23:12:02Z,1386,21,59,
2022-09-09T23:17:02Z,1387,21,59,
2022-09-09T23:22:01Z,1388,21,59,
2022-09-09T23:27:01Z,1389,21,59,
2022-09-09T23:32:00Z,1390,21,59,
2022-09-09T23:37:00Z,1391,21,58,
2022-09-09T23:41:59Z,1392,21,58,
2022-09-09T23:46:59Z,1393,21,58,
2022-09-09T23:51:58Z,1394,21,58,
2022-09-10T00:01:58Z,1395,21,58,34
2022-09-10T00:06:57Z,1396,21,58,
2022-09-10T00:11:57Z,1397,21,58,
2022-09-10T00:16:56Z,1398,21,58,
2022-09-10T00:21:56Z,1399,21,58,
2022-09-10T00:26:56Z,1400,21,58,
2022-09-10T00:31:55Z,1401,21,58,
2022-09-10T00:36:55Z,1402,21,58,
2022-09-10T00:41:54Z,1403,21,58,
2022-09-10T00:46:54Z,1404,21,58,
2022-09-10T00:51:53Z,1405,21,58,
2022-09-10T01:01:53Z,1406,21,58,34
2022-09-10T01:06:52Z,1407,21,58,
2022-09-10T01:11:51Z,1408,21,57,
2022-09-10T01:16:51Z,1409,21,57,
2022-09-10T01:21:51Z,1410,21,57,
2022-09-10T01:26:50Z,1411,21,57,
2022-09-10T01:31:50Z,1412,21,57,
2022-09-10T01:36:49Z,1413,21,57,
2022-09-10T01:41:49Z,1414,21,57,
2022-09-10T01:46:48Z,1415,21,57,
2022-09-10T01:51:48Z,1416,21,57,
2022-09-10T02:01:47Z,1417,21,57,34
2022-09-10T02:06:46Z,1418,21,57,
2022-09-10T02:11:46Z,1419,21,57,
2022-09-10T02:16:45Z,1420,21,57,
2022-09-10T02:21:45Z,1421,21,57,
2022-09-10T02:26:45Z,1422,21,57,
2022-09-10T02:31:44Z,1423,21,57,
2022-09-10T02:36:44Z,1424,21,57,
2022-09-10T02:41:43Z,1425,21,57,
2022-09-10T02:46:43Z,1426,21,57,
2022-09-10T02:51:43Z,1427,21,57,
2022-09-10T03:01:42Z,1428,21,57,34
2022-09-10T03:06:41Z,1429,21,57,
2022-09-10T03:11:41Z,1430,21,57,
2022-09-10T03:16:40Z,1431,21,57,
2022-09-10T03:21:40Z,1432,21,57,
2022-09-10T03:26:39Z,1433,21,56,
2022-09-10T03:31:39Z,1434,21,56,
2022-09-10T03:36:38Z,1435,21,56,
2022-09-10T03:41:38Z,1436,21,56,
2022-09-10T03:46:37Z,1437,21,56,
2022-09-10T03:51:37Z,1438,20,56,
2022-09-10T04:01:36Z,1439,21,56,34
2022-09-10T04:06:36Z,1440,20,56,
2022-09-10T04:11:35Z,1441,20,56,
2022-09-10T04:16:35Z,1442,20,56,
2022-09-10T04:21:34Z,1443,20,56,
2022-09-10T04:26:34Z,1444,20,56,
2022-09-10T04:31:34Z,1445,20,56,
2022-09-10T04:36:33Z,1446,20,56,
2022-09-10T04:41:32Z,1447,20,56,
2022-09-10T04:46:32Z,1448,20,56,
2022-09-10T04:51:32Z,1449,20,56,
2022-09-10T05:01:31Z,1450,20,56,34
2022-09-10T05:06:30Z,1451,20,56,
2022-09-10T05:11:29Z,1452,20,56,
2022-09-10T05:16:29Z,1453,20,56,
2022-09-10T05:21:28Z,1454,20,56,
2022-09-10T05:26:28Z,1455,20,56,
2022-09-10T05:31:28Z,1456,20,56,
2022-09-10T05:36:27Z,1457,20,56,
2022-09-10T05:41:27Z,1458,20,56,
2022-09-10T05:46:26Z,1459,20,56,
2022-09-10T05:51:26Z,1460,20,56,
2022-09-10T05:56:25Z,1461,20,56,
2022-09-10T06:01:25Z,1462,20,56,
2022-09-10T06:06:24Z,1463,20,56,
2022-09-10T06:11:24Z,1464,20,56,
2022-09-10T06:16:23Z,1465,20,56,
2022-09-10T06:21:23Z,1466,20,56,
2022-09-10T06:26:22Z,1467,20,56,
2022-09-10T06:31:22Z,1468,20,56,
2022-09-10T06:36:21Z,1469,20,56,
2022-09-10T06:41:21Z,1470,20,55,
2022-09-10T06:46:20Z,1471,20,56,
2022-09-10T06:51:20Z,1472,20,56,
2022-09-10T06:56:19Z,1473,20,55,
2022-09-10T07:01:19Z,1474,20,56,
2022-09-10T07:06:18Z,1475,20,55,
2022-09-10T07:11:18Z,1476,20,55,
2022-09-10T07:16:19Z,1477,20,55,
2022-09-10T07:21:17Z,1478,20,55,
2022-09-10T07:26:16Z,1479,20,55,
2022-09-10T07:31:16Z,1480,20,55,
2022-09-10T07:36:15Z,1481,20,55,
2022-09-10T07:41:15Z,1482,20,55,
2022-09-10T07:46:15Z,1483,20,55,
2022-09-10T07:51:14Z,1484,20,55,
2022-09-10T07:56:14Z,1485,20,55,
2022-09-10T08:01:13Z,1486,20,55,
2022-09-10T08:06:13Z,1487,20,55,
2022-09-10T08:11:12Z,1488,20,55,
2022-09-10T08:16:12Z,1489,20,55,
2022-09-10T08:21:11Z,1490,20,55,
2022-09-10T08:26:11Z,1491,20,55,
2022-09-10T08:31:10Z,1492,20,55,
2022-09-10T08:36:10Z,1493,20,55,
2022-09-10T08:41:09Z,1494,20,55,
2022-09-10T08:46:09Z,1495,20,55,
2022-09-10T08:51:09Z,1496,20,55,
2022-09-10T08:56:08Z,1497,20,55,
2022-09-10T09:01:08Z,1498,20,55,
2022-09-10T09:06:07Z,1499,20,55,
2022-09-10T09:11:07Z,1500,20,55,
2022-09-10T09:16:07Z,1501,20,55,
2022-09-10T09:21:06Z,1502,20,55,
2022-09-10T09:26:06Z,1503,21,55,
2022-09-10T09:31:05Z,1504,21,55,
2022-09-10T09:36:05Z,1505,21,55,
2022-09-10T09:41:04Z,1506,21,56,
2022-09-10T09:46:04Z,1507,21,56,
2022-09-10T09:51:04Z,1508,21,56,
2022-09-10T09:56:03Z,1509,21,56,
2022-09-10T10:01:03Z,1510,21,56,
2022-09-10T10:06:02Z,1511,21,56,
2022-09-10T10:11:02Z,1512,21,56,
2022-09-10T10:16:01Z,1513,21,56,
2022-09-10T10:21:01Z,1514,21,56,
2022-09-10T10:26:00Z,1515,21,55,
2022-09-10T10:31:00Z,1516,21,56,
2022-09-10T10:36:00Z,1517,21,55,
2022-09-10T10:40:59Z,1518,21,55,
2022-09-10T10:45:59Z,1519,21,55,
2022-09-10T10:50:58Z,1520,21,55,
2022-09-10T10:55:58Z,1521,21,55,
2022-09-10T11:00:58Z,1522,21,55,
2022-09-10T11:05:57Z,1523,21,55,
2022-09-10T11:10:56Z,1524,21,55,
2022-09-10T11:15:56Z,1525,21,56,
2022-09-10T11:20:56Z,1526,21,55,
2022-09-10T11:25:55Z,1527,21,56,
2022-09-10T11:30:55Z,1528,21,55,
2022-09-10T11:35:54Z,1529,21,55,
2022-09-10T11:40:54Z,1530,21,55,
2022-09-10T11:45:53Z,1531,21,55,
2022-09-10T11:50:53Z,1532,22,56,
2022-09-10T11:55:53Z,1533,21,55,
2022-09-10T12:00:52Z,1534,22,56,
2022-09-10T12:05:52Z,1535,22,56,
2022-09-10T12:10:51Z,1536,22,56,
2022-09-10T12:20:51Z,1537,22,56,
2022-09-10T12:25:50Z,1538,22,56,
2022-09-10T12:35:50Z,1539,22,52,
2022-09-10T12:45:48Z,1540,22,50,
2022-09-10T12:50:48Z,1541,21,50,
2022-09-10T12:55:48Z,1542,21,52,
2022-09-10T13:00:47Z,1543,21,54,
2022-09-10T13:05:46Z,1544,21,54,
2022-09-10T13:10:46Z,1545,21,54,
2022-09-10T13:15:45Z,1546,21,54,
2022-09-10T13:20:45Z,1547,21,55,
2022-09-10T13:25:44Z,1548,21,55,
2022-09-10T13:30:44Z,1549,21,55,
2022-09-10T13:35:44Z,1550,21,55,
2022-09-10T13:40:44Z,1551,21,55,
2022-09-10T13:45:42Z,1552,21,55,
2022-09-10T13:50:42Z,1553,21,55,
2022-09-10T13:55:42Z,1554,22,55,
2022-09-10T14:00:41Z,1555,22,55,
2022-09-10T14:05:40Z,1556,22,55,
2022-09-10T14:10:40Z,1557,22,55,
2022-09-10T14:15:40Z,1558,22,55,
2022-09-10T14:20:39Z,1559,22,56,
2022-09-10T14:25:39Z,1560,22,55,
2022-09-10T14:30:39Z,1561,22,56,
2022-09-10T14:35:38Z,1562,22,56,
2022-09-10T14:40:37Z,1563,22,56,
2022-09-10T14:45:38Z,1564,22,56,
2022-09-10T14:50:37Z,1565,22,56,
2022-09-10T14:55:36Z,1566,22,55,
2022-09-10T15:00:35Z,1567,22,55,
2022-09-10T15:05:35Z,1568,22,55,
2022-09-10T15:10:35Z,1569,22,55,
2022-09-10T15:15:35Z,1570,22,55,
2022-09-10T15:20:34Z,1571,22,55,
2022-09-10T15:25:33Z,1572,22,55,
2022-09-10T15:30:33Z,1573,22,55,
2022-09-10T15:35:32Z,1574,22,55,
2022-09-10T15:40:32Z,1575,22,55,
2022-09-10T15:45:31Z,1576,22,55,
2022-09-10T15:50:31Z,1577,22,55,
2022-09-10T15:55:31Z,1578,22,55,
2022-09-10T16:00:30Z,1579,22,55,
2022-09-10T16:05:30Z,1580,21,55,
2022-09-10T16:10:29Z,1581,21,55,
2022-09-10T16:15:29Z,1582,21,55,
2022-09-10T16:20:29Z,1583,21,55,
2022-09-10T16:25:28Z,1584,21,55,
2022-09-10T16:30:27Z,1585,21,55,
2022-09-10T16:35:27Z,1586,21,55,
2022-09-10T16:40:26Z,1587,21,55,
2022-09-10T16:45:26Z,1588,21,55,
2022-09-10T16:50:26Z,1589,21,55,
2022-09-10T16:55:25Z,1590,21,55,
2022-09-10T17:00:25Z,1591,21,55,
2022-09-10T17:05:25Z,1592,21,55,
2022-09-10T17:10:24Z,1593,21,55,
2022-09-10T17:15:23Z,1594,21,55,
2022-09-10T17:20:23Z,1595,21,55,
2022-09-10T17:25:22Z,1596,21,55,
2022-09-10T17:30:22Z,1597,21,55,
2022-09-10T17:35:21Z,1598,21,55,
2022-09-10T17:40:21Z,1599,21,55,
2022-09-10T17:45:20Z,1600,21,55,
2022-09-10T17:50:21Z,1601,21,55,
2022-09-10T17:55:20Z,1602,21,56,
2022-09-10T18:00:19Z,1603,21,56,
2022-09-10T18:05:19Z,1604,21,56,
2022-09-10T18:10:18Z,1605,21,56,
2022-09-10T18:15:18Z,1606,21,56,
2022-09-10T18:20:17Z,1607,21,56,
2022-09-10T18:25:17Z,1608,21,56,
2022-09-10T18:30:17Z,1609,21,56,
2022-09-10T18:35:16Z,1610,21,56,
2022-09-10T18:40:16Z,1611,21,56,
2022-09-10T18:45:15Z,1612,21,56,
2022-09-10T18:50:15Z,1613,21,56,
2022-09-10T18:55:15Z,1614,21,56,
2022-09-10T19:00:14Z,1615,21,55,
2022-09-10T19:05:14Z,1616,21,55,
2022-09-10T19:10:13Z,1617,21,55,
2022-09-10T19:15:12Z,1618,21,54,
2022-09-10T19:20:13Z,1619,21,54,
2022-09-10T19:25:12Z,1620,21,55,
2022-09-10T19:30:11Z,1621,21,54,
2022-09-10T19:35:11Z,1622,21,54,
2022-09-10T19:40:10Z,1623,21,54,
2022-09-10T19:45:10Z,1624,21,54,
2022-09-10T19:50:10Z,1625,21,54,
2022-09-10T19:55:09Z,1626,21,54,
2022-09-10T20:00:09Z,1627,21,54,
2022-09-10T20:05:09Z,1628,21,54,
2022-09-10T20:10:08Z,1629,21,54,
2022-09-10T20:15:08Z,1630,21,54,
2022-09-10T20:20:07Z,1631,21,54,
2022-09-10T20:25:07Z,1632,21,54,
2022-09-10T20:30:06Z,1633,21,55,
2022-09-10T20:35:06Z,1634,21,55,
2022-09-10T20:40:05Z,1635,21,55,
2022-09-10T20:45:05Z,1636,21,55,
2022-09-10T20:50:04Z,1637,21,55,
2022-09-10T20:55:04Z,1638,21,55,
2022-09-10T21:00:04Z,1639,21,55,
2022-09-10T21:05:03Z,1640,21,55,
2022-09-10T21:10:02Z,1641,21,55,
2022-09-10T21:15:02Z,1642,21,55,
2022-09-10T21:20:01Z,1643,21,55,
2022-09-10T21:25:01Z,1644,21,55,
2022-09-10T21:30:00Z,1645,21,55,
2022-09-10T21:35:00Z,1646,21,55,
2022-09-10T21:40:00Z,1647,21,55,
2022-09-10T21:44:59Z,1648,21,55,
2022-09-10T21:49:58Z,1649,21,55,
2022-09-10T21:54:58Z,1650,21,55,
2022-09-10T21:59:58Z,1651,21,55,
2022-09-10T22:04:57Z,1652,21,55,
2022-09-10T22:09:57Z,1653,21,55,
2022-09-10T22:14:56Z,1654,21,55,
2022-09-10T22:19:56Z,1655,21,55,
2022-09-10T22:24:56Z,1656,21,55,
2022-09-10T22:29:55Z,1657,21,55,
2022-09-10T22:34:54Z,1658,21,55,
2022-09-10T22:39:54Z,1659,21,55,
2022-09-10T22:44:54Z,1660,21,55,
2022-09-10T22:49:53Z,1661,21,55,
2022-09-10T22:59:52Z,1662,21,55,34
2022-09-10T23:04:52Z,1663,21,55,
2022-09-10T23:09:51Z,1664,21,55,
2022-09-10T23:14:51Z,1665,21,55,
2022-09-10T23:19:50Z,1666,21,55,
2022-09-10T23:24:50Z,1667,21,55,
2022-09-10T23:29:49Z,1668,21,55,
2022-09-10T23:34:50Z,1669,21,55,
2022-09-10T23:39:49Z,1670,21,55,
2022-09-10T23:44:49Z,1671,21,55,
2022-09-10T23:49:48Z,1672,21,55,
2022-09-10T23:59:47Z,1673,21,55,34
2022-09-11T00:04:47Z,1674,21,55,
2022-09-11T00:09:46Z,1675,21,55,
2022-09-11T00:14:46Z,1676,21,55,
2022-09-11T00:19:45Z,1677,21,55,
2022-09-11T00:24:45Z,1678,21,54,
2022-09-11T00:29:45Z,1679,21,54,
2022-09-11T00:34:44Z,1680,21,54,
2022-09-11T00:39:44Z,1681,21,54,
2022-09-11T00:44:44Z,1682,21,54,
2022-09-11T00:49:43Z,1683,21,54,
2022-09-11T00:59:42Z,1684,21,54,33
2022-09-11T01:04:42Z,1685,21,55,
2022-09-11T01:09:41Z,1686,21,54,
2022-09-11T01:14:40Z,1687,21,54,
2022-09-11T01:19:40Z,1688,21,54,
2022-09-11T01:24:39Z,1689,21,55,
2022-09-11T01:29:39Z,1690,21,55,
2022-09-11T01:34:38Z,1691,21,55,
2022-09-11T01:39:38Z,1692,21,55,
2022-09-11T01:44:38Z,1693,21,55,
2022-09-11T01:49:37Z,1694,21,55,
2022-09-11T01:59:36Z,1695,21,55,33
2022-09-11T02:04:36Z,1696,21,55,
2022-09-11T02:09:35Z,1697,21,55,
2022-09-11T02:14:35Z,1698,21,55,
2022-09-11T02:19:34Z,1699,21,55,
2022-09-11T02:24:34Z,1700,21,55,
2022-09-11T02:29:33Z,1701,21,55,
2022-09-11T02:34:33Z,1702,21,55,
2022-09-11T02:39:32Z,1703,21,55,
2022-09-11T02:44:32Z,1704,21,55,
2022-09-11T02:49:31Z,1705,21,55,
2022-09-11T02:59:31Z,1706,21,55,33
2022-09-11T03:04:30Z,1707,21,55,
2022-09-11T03:09:30Z,1708,21,55,
2022-09-11T03:14:29Z,1709,21,55,
2022-09-11T03:19:29Z,1710,21,55,
2022-09-11T03:24:29Z,1711,21,55,
2022-09-11T03:29:28Z,1712,21,55,
2022-09-11T03:34:28Z,1713,21,55,
2022-09-11T03:39:27Z,1714,21,55,
2022-09-11T03:44:26Z,1715,21,55,
2022-09-11T03:49:26Z,1716,21,55,
2022-09-11T03:59:25Z,1717,21,55,33
2022-09-11T04:04:24Z,1718,21,55,
2022-09-11T04:09:24Z,1719,21,55,
2022-09-11T04:14:24Z,1720,21,55,
2022-09-11T04:19:24Z,1721,21,55,
2022-09-11T04:24:23Z,1722,21,55,
2022-09-11T04:29:22Z,1723,21,55,
2022-09-11T04:34:22Z,1724,21,55,
2022-09-11T04:39:22Z,1725,21,55,
2022-09-11T04:44:21Z,1726,21,55,
2022-09-11T04:49:21Z,1727,21,55,
2022-09-11T04:59:20Z,1728,21,55,33
2022-09-11T05:04:19Z,1729,21,55,
2022-09-11T05:09:19Z,1730,21,55,
2022-09-11T05:14:18Z,1731,21,55,
2022-09-11T05:19:18Z,1732,21,55,
2022-09-11T05:24:17Z,1733,21,55,
2022-09-11T05:29:17Z,1734,21,56,
2022-09-11T05:34:16Z,1735,21,56,
2022-09-11T05:39:16Z,1736,21,56,
2022-09-11T05:44:16Z,1737,21,56,
2022-09-11T05:49:15Z,1738,21,56,
2022-09-11T05:54:15Z,1739,21,56,
2022-09-11T05:59:15Z,1740,21,56,
2022-09-11T06:04:14Z,1741,21,56,
2022-09-11T06:09:13Z,1742,21,56,
2022-09-11T06:14:13Z,1743,21,56,
2022-09-11T06:19:13Z,1744,21,56,
2022-09-11T06:24:12Z,1745,21,56,
2022-09-11T06:29:12Z,1746,21,56,
2022-09-11T06:34:11Z,1747,21,56,
2022-09-11T06:39:11Z,1748,21,56,
2022-09-11T06:44:11Z,1749,21,56,
2022-09-11T06:49:10Z,1750,21,56,
2022-09-11T06:54:09Z,1751,21,56,
2022-09-11T06:59:09Z,1752,21,56,
2022-09-11T07:04:08Z,1753,21,56,
2022-09-11T07:09:08Z,1754,21,56,
2022-09-11T07:14:07Z,1755,21,56,
2022-09-11T07:19:07Z,1756,21,56,
2022-09-11T07:24:06Z,1757,21,56,
2022-09-11T07:29:06Z,1758,21,56,
2022-09-11T07:34:05Z,1759,21,56,
2022-09-11T07:39:05Z,1760,21,56,
2022-09-11T07:44:05Z,1761,21,56,
2022-09-11T07:49:04Z,1762,21,56,
2022-09-11T07:54:04Z,1763,21,56,
2022-09-11T07:59:04Z,1764,21,56,
2022-09-11T08:04:03Z,1765,21,56,
2022-09-11T08:09:03Z,1766,21,56,
2022-09-11T08:14:03Z,1767,21,55,
2022-09-11T08:19:02Z,1768,21,55,
2022-09-11T08:24:02Z,1769,21,55,
2022-09-11T08:29:01Z,1770,21,55,
2022-09-11T08:34:01Z,1771,21,55,
2022-09-11T08:39:00Z,1772,21,56,
2022-09-11T08:44:00Z,1773,21,56,
2022-09-11T08:49:00Z,1774,21,56,
2022-09-11T08:53:59Z,1775,21,56,
2022-09-11T08:58:58Z,1776,21,56,
2022-09-11T09:03:58Z,1777,21,56,
2022-09-11T09:08:57Z,1778,21,56,
2022-09-11T09:13:57Z,1779,21,56,
2022-09-11T09:18:57Z,1780,21,56,
2022-09-11T09:23:56Z,1781,21,56,
2022-09-11T09:28:56Z,1782,21,56,
2022-09-11T09:33:55Z,1783,21,56,
2022-09-11T09:38:55Z,1784,21,56,
2022-09-11T09:43:55Z,1785,21,56,
2022-09-11T09:48:54Z,1786,21,56,
2022-09-11T09:53:53Z,1787,21,56,
2022-09-11T09:58:53Z,1788,21,56,
2022-09-11T10:03:53Z,1789,21,56,
2022-09-11T10:08:52Z,1790,21,57,
2022-09-11T10:13:51Z,1791,21,57,
2022-09-11T10:18:51Z,1792,21,57,
2022-09-11T10:23:51Z,1793,21,57,
2022-09-11T10:28:50Z,1794,21,57,
2022-09-11T10:33:50Z,1795,21,57,
2022-09-11T10:38:49Z,1796,21,57,
2022-09-11T10:43:49Z,1797,21,57,
2022-09-11T10:48:48Z,1798,21,57,
2022-09-11T10:53:48Z,1799,21,57,
2022-09-11T10:58:47Z,1800,21,57,
2022-09-11T11:03:47Z,1801,21,57,
2022-09-11T11:08:46Z,1802,22,57,
2022-09-11T11:13:46Z,1803,22,57,
2022-09-11T11:18:45Z,1804,22,56,
2022-09-11T11:23:45Z,1805,22,57,
2022-09-11T11:28:44Z,1806,22,56,
2022-09-11T11:33:44Z,1807,22,56,
2022-09-11T11:38:44Z,1808,22,56,
2022-09-11T11:43:43Z,1809,22,56,
2022-09-11T11:48:43Z,1810,22,56,
2022-09-11T11:53:42Z,1811,22,56,
2022-09-11T11:58:42Z,1812,22,56,
2022-09-11T12:03:42Z,1813,22,56,
2022-09-11T12:08:41Z,1814,22,56,
2022-09-11T12:13:40Z,1815,22,56,
2022-09-11T12:18:40Z,1816,22,56,
2022-09-11T12:23:39Z,1817,22,56,
2022-09-11T12:28:39Z,1818,22,56,
2022-09-11T12:33:38Z,1819,22,57,
2022-09-11T12:38:38Z,1820,22,56,
2022-09-11T12:43:37Z,1821,22,56,
2022-09-11T12:48:37Z,1822,22,56,
2022-09-11T12:53:36Z,1823,22,56,
2022-09-11T12:58:36Z,1824,22,57,
2022-09-11T13:03:36Z,1825,22,57,
2022-09-11T13:08:35Z,1826,22,57,
2022-09-11T13:13:35Z,1827,22,57,
2022-09-11T13:18:34Z,1828,22,57,
2022-09-11T13:23:34Z,1829,22,57,
2022-09-11T13:28:33Z,1830,22,57,
2022-09-11T13:33:33Z,1831,22,57,
2022-09-11T13:38:32Z,1832,22,57,
2022-09-11T13:43:32Z,1833,22,57,
2022-09-11T13:48:31Z,1834,21,57,
2022-09-11T13:53:31Z,1835,22,57,
2022-09-11T13:58:31Z,1836,21,57,
2022-09-11T14:03:30Z,1837,21,57,
2022-09-11T14:08:29Z,1838,21,57,
2022-09-11T14:13:29Z,1839,21,57,
2022-09-11T14:18:28Z,1840,21,57,
2022-09-11T14:23:28Z,1841,21,57,
2022-09-11T14:28:28Z,1842,21,58,
2022-09-11T14:33:27Z,1843,21,57,
2022-09-11T14:38:27Z,1844,21,57,
2022-09-11T14:43:26Z,1845,21,57,
2022-09-11T14:48:26Z,1846,22,58,
2022-09-11T14:53:25Z,1847,22,58,
2022-09-11T14:58:25Z,1848,22,58,
2022-09-11T15:03:25Z,1849,22,58,
2022-09-11T15:08:24Z,1850,22,58,
2022-09-11T15:13:24Z,1851,22,57,
2022-09-11T15:18:23Z,1852,22,57,
2022-09-11T15:23:23Z,1853,22,57,
2022-09-11T15:28:23Z,1854,22,57,
2022-09-11T15:33:22Z,1855,22,57,
2022-09-11T15:38:21Z,1856,22,57,
2022-09-11T15:43:21Z,1857,22,57,
2022-09-11T15:48:20Z,1858,21,54,
2022-09-11T15:53:20Z,1859,22,57,
2022-09-11T15:58:20Z,1860,22,57,
2022-09-11T16:03:19Z,1861,22,58,
2022-09-11T16:08:19Z,1862,22,58,
2022-09-11T16:13:18Z,1863,22,57,
2022-09-11T16:18:17Z,1864,22,58,
2022-09-11T16:23:17Z,1865,22,58,
2022-09-11T16:28:17Z,1866,22,58,
2022-09-11T16:33:16Z,1867,22,58,
2022-09-11T16:38:16Z,1868,22,59,
2022-09-11T16:43:15Z,1869,22,59,
2022-09-11T16:48:15Z,1870,22,58,
2022-09-11T16:53:14Z,1871,22,59,
2022-09-11T16:58:14Z,1872,22,59,
2022-09-11T17:03:14Z,1873,22,59,
2022-09-11T17:08:13Z,1874,22,60,
2022-09-11T17:13:13Z,1875,22,59,
2022-09-11T17:18:12Z,1876,22,59,
2022-09-11T17:23:12Z,1877,22,59,
2022-09-11T17:28:11Z,1878,22,59,
2022-09-11T17:33:11Z,1879,22,59,
2022-09-11T17:38:10Z,1880,22,59,
2022-09-11T17:43:10Z,1881,22,60,
2022-09-11T17:48:10Z,1882,22,58,
2022-09-11T17:53:09Z,1883,22,58,
2022-09-11T17:58:09Z,1884,22,58,
2022-09-11T18:03:08Z,1885,22,58,
2022-09-11T18:08:08Z,1886,22,59,
2022-09-11T18:13:08Z,1887,21,59,
2022-09-11T18:18:07Z,1888,21,59,
2022-09-11T18:23:07Z,1889,21,59,
2022-09-11T18:28:06Z,1890,21,59,
2022-09-11T18:33:06Z,1891,21,59,
2022-09-11T18:38:05Z,1892,21,59,
2022-09-11T18:43:05Z,1893,21,60,
2022-09-11T18:48:04Z,1894,21,60,
2022-09-11T18:53:04Z,1895,21,60,
2022-09-11T18:58:03Z,1896,21,60,
2022-09-11T19:03:03Z,1897,21,60,
2022-09-11T19:08:02Z,1898,21,60,
2022-09-11T19:13:02Z,1899,21,60,
2022-09-11T19:18:01Z,1900,21,60,
2022-09-11T19:23:01Z,1901,21,60,
2022-09-11T19:28:00Z,1902,21,60,
2022-09-11T19:33:00Z,1903,21,60,
2022-09-11T19:37:59Z,1904,21,60,
2022-09-11T19:42:59Z,1905,21,60,
2022-09-11T19:47:59Z,1906,21,60,
2022-09-11T19:52:58Z,1907,21,60,
2022-09-11T19:57:58Z,1908,21,60,
2022-09-11T20:02:57Z,1909,21,60,
2022-09-11T20:07:57Z,1910,21,60,
2022-09-11T20:12:56Z,1911,21,60,
2022-09-11T20:17:56Z,1912,21,60,
2022-09-11T20:22:55Z,1913,21,60,
2022-09-11T20:27:54Z,1914,21,60,
2022-09-11T20:32:54Z,1915,21,60,
2022-09-11T20:37:54Z,1916,21,60,
2022-09-11T20:42:53Z,1917,21,60,
2022-09-11T20:47:54Z,1918,21,60,
2022-09-11T20:52:52Z,1919,21,60,
2022-09-11T20:57:52Z,1920,21,60,
2022-09-11T21:02:51Z,1921,21,60,
2022-09-11T21:07:51Z,1922,21,60,
2022-09-11T21:12:50Z,1923,21,60,
2022-09-11T21:17:50Z,1924,21,60,
2022-09-11T21:22:49Z,1925,21,60,
2022-09-11T21:27:49Z,1926,21,60,
2022-09-11T21:32:48Z,1927,21,60,
2022-09-11T21:37:48Z,1928,21,60,
2022-09-11T21:42:48Z,1929,21,60,
2022-09-11T21:47:47Z,1930,21,60,
2022-09-11T21:52:47Z,1931,21,60,
2022-09-11T21:57:46Z,1932,21,60,
2022-09-11T22:02:47Z,1933,21,60,
2022-09-11T22:07:46Z,1934,21,61,
2022-09-11T22:12:46Z,1935,21,61,
2022-09-11T22:17:45Z,1936,21,61,
2022-09-11T22:22:44Z,1937,21,61,
2022-09-11T22:27:43Z,1938,21,61,
2022-09-11T22:32:44Z,1939,21,61,
2022-09-11T22:37:42Z,1940,21,60,
2022-09-11T22:42:42Z,1941,21,61,
2022-09-11T22:47:41Z,1942,21,61,
2022-09-11T22:57:41Z,1943,21,61,33
2022-09-11T23:02:40Z,1944,21,61,
2022-09-11T23:07:41Z,1945,21,61,
2022-09-11T23:12:39Z,1946,21,61,
2022-09-11T23:17:39Z,1947,21,61,
2022-09-11T23:22:38Z,1948,21,61,
2022-09-11T23:27:38Z,1949,21,61,
2022-09-11T23:32:38Z,1950,21,61,
2022-09-11T23:37:37Z,1951,21,61,
2022-09-11T23:42:38Z,1952,21,61,
2022-09-11T23:47:36Z,1953,21,61,
2022-09-11T23:57:35Z,1954,21,61,33
2022-09-12T00:02:35Z,1955,21,61,
2022-09-12T00:07:34Z,1956,21,61,
2022-09-12T00:12:34Z,1957,21,61,
2022-09-12T00:17:34Z,1958,21,61,
2022-09-12T00:22:33Z,1959,21,62,
2022-09-12T00:27:32Z,1960,21,62,
2022-09-12T00:32:32Z,1961,21,62,
2022-09-12T00:37:32Z,1962,21,62,
2022-09-12T00:42:31Z,1963,21,62,
2022-09-12T00:47:31Z,1964,21,62,
2022-09-12T00:57:31Z,1965,21,62,33
2022-09-12T01:02:30Z,1966,21,62,
2022-09-12T01:07:29Z,1967,21,62,
2022-09-12T01:12:29Z,1968,21,62,
2022-09-12T01:17:28Z,1969,21,62,
2022-09-12T01:22:29Z,1970,21,62,
2022-09-12T01:27:27Z,1971,21,62,
2022-09-12T01:32:27Z,1972,21,62,
2022-09-12T01:37:26Z,1973,19,58,
2022-09-12T01:42:26Z,1974,21,62,
2022-09-12T01:47:26Z,1975,21,63,
2022-09-12T01:57:25Z,1976,21,62,33
2022-09-12T02:02:24Z,1977,21,62,
2022-09-12T02:07:24Z,1978,21,63,
2022-09-12T02:12:23Z,1979,21,62,
2022-09-12T02:17:23Z,1980,21,63,
2022-09-12T02:22:23Z,1981,21,62,
2022-09-12T02:27:22Z,1982,21,63,
2022-09-12T02:32:23Z,1983,21,63,
2022-09-12T02:37:21Z,1984,21,63,
2022-09-12T02:42:21Z,1985,21,63,
2022-09-12T02:47:20Z,1986,21,63,
2022-09-12T02:57:20Z,1987,21,62,33
2022-09-12T03:02:19Z,1988,21,62,
2022-09-12T03:07:19Z,1989,21,62,
2022-09-12T03:12:18Z,1990,21,62,
2022-09-12T03:17:18Z,1991,21,62,
2022-09-12T03:22:18Z,1992,21,62,
2022-09-12T03:27:17Z,1993,21,62,
2022-09-12T03:32:17Z,1994,21,62,
2022-09-12T03:37:16Z,1995,21,62,
2022-09-12T03:42:16Z,1996,21,62,
2022-09-12T03:47:15Z,1997,21,62,
2022-09-12T03:57:14Z,1998,21,62,33
2022-09-12T04:02:14Z,1999,21,62,
2022-09-12T04:07:13Z,2000,21,62,
2022-09-12T04:12:13Z,2001,21,62,
2022-09-12T04:17:13Z,2002,21,62,
2022-09-12T04:22:12Z,2003,21,62,
2022-09-12T04:27:11Z,2004,21,62,
2022-09-12T04:32:11Z,2005,21,62,
2022-09-12T04:37:10Z,2006,21,62,
2022-09-12T04:42:10Z,2007,21,62,
2022-09-12T04:47:10Z,2008,21,62,
2022-09-12T04:57:09Z,2009,21,61,33
2022-09-12T05:02:09Z,2010,21,61,
2022-09-12T05:07:08Z,2011,21,61,
2022-09-12T05:12:07Z,2012,21,61,
2022-09-12T05:17:07Z,2013,21,61,
2022-09-12T05:22:06Z,2014,21,61,
2022-09-12T05:27:06Z,2015,21,61,
2022-09-12T05:32:06Z,2016,21,61,
2022-09-12T05:37:05Z,2017,21,61,
2022-09-12T05:42:05Z,2018,21,61,
2022-09-12T05:47:05Z,2019,21,61,
2022-09-12T05:52:03Z,2020,21,61,
2022-09-12T05:57:03Z,2021,21,61,
2022-09-12T06:02:03Z,2022,21,61,
2022-09-12T06:07:02Z,2023,21,61,
2022-09-12T06:12:02Z,2024,21,61,
2022-09-12T06:17:01Z,2025,21,61,
2022-09-12T06:22:02Z,2026,21,61,
2022-09-12T06:27:01Z,2027,21,61,
2022-09-12T06:32:00Z,2028,21,61,
2022-09-12T06:37:00Z,2029,21,61,
2022-09-12T06:41:59Z,2030,21,61,
2022-09-12T06:46:59Z,2031,21,61,
2022-09-12T06:51:59Z,2032,21,61,
2022-09-12T06:56:58Z,2033,21,61,
2022-09-12T07:01:57Z,2034,21,61,
2022-09-12T07:06:57Z,2035,21,61,
2022-09-12T07:11:57Z,2036,21,61,
2022-09-12T07:16:57Z,2037,21,61,
2022-09-12T07:21:55Z,2038,21,61,
2022-09-12T07:26:56Z,2039,21,61,
2022-09-12T07:31:55Z,2040,21,61,
2022-09-12T07:36:54Z,2041,21,60,
2022-09-12T07:41:55Z,2042,21,61,
2022-09-12T07:46:54Z,2043,21,60,
2022-09-12T07:51:53Z,2044,21,60,
2022-09-12T07:56:53Z,2045,21,60,
2022-09-12T08:01:53Z,2046,21,60,
2022-09-12T08:06:53Z,2047,21,59,
2022-09-12T08:11:52Z,2048,21,59,
2022-09-12T08:16:52Z,2049,21,59,
2022-09-12T08:21:51Z,2050,21,59,
2022-09-12T08:26:51Z,2051,21,59,
2022-09-12T08:31:50Z,2052,21,59,
2022-09-12T08:36:49Z,2053,22,59,
2022-09-12T08:41:49Z,2054,22,59,
2022-09-12T08:46:49Z,2055,22,59,
2022-09-12T08:51:48Z,2056,22,59,
2022-09-12T08:56:48Z,2057,22,59,
2022-09-12T09:01:47Z,2058,21,59,
2022-09-12T09:06:47Z,2059,21,59,
2022-09-12T09:11:46Z,2060,21,59,
2022-09-12T09:16:46Z,2061,21,59,
2022-09-12T09:21:45Z,2062,21,59,
2022-09-12T09:26:45Z,2063,22,59,
2022-09-12T09:31:45Z,2064,21,59,
2022-09-12T09:36:45Z,2065,21,59,
2022-09-12T09:41:44Z,2066,21,59,
2022-09-12T09:46:43Z,2067,22,59,
2022-09-12T09:51:43Z,2068,22,59,
2022-09-12T09:56:43Z,2069,22,60,
2022-09-12T10:01:43Z,2070,22,59,
2022-09-12T10:06:43Z,2071,22,60,
2022-09-12T10:11:42Z,2072,22,59,
2022-09-12T10:16:41Z,2073,22,60,
2022-09-12T10:21:40Z,2074,22,59,
2022-09-12T10:26:40Z,2075,22,59,
2022-09-12T10:31:40Z,2076,22,59,
2022-09-12T10:36:39Z,2077,22,59,
2022-09-12T10:41:38Z,2078,22,59,
2022-09-12T10:46:38Z,2079,22,58,
2022-09-12T10:51:37Z,2080,22,58,
2022-09-12T10:56:38Z,2081,22,58,
2022-09-12T11:01:37Z,2082,22,58,
2022-09-12T11:06:37Z,2083,22,58,
2022-09-12T11:11:36Z,2084,22,58,
2022-09-12T11:16:35Z,2085,22,58,
2022-09-12T11:21:35Z,2086,22,57,
2022-09-12T11:26:34Z,2087,22,58,
2022-09-12T11:36:34Z,2088,22,57,
2022-09-12T11:41:33Z,2089,22,56,
2022-09-12T11:46:33Z,2090,22,57,
2022-09-12T11:51:32Z,2091,22,57,
2022-09-12T11:56:32Z,2092,22,57,
2022-09-12T12:01:31Z,2093,22,57,
2022-09-12T12:06:31Z,2094,22,57,
2022-09-12T12:11:31Z,2095,22,57,
2022-09-12T12:16:30Z,2096,22,57,
2022-09-12T12:21:30Z,2097,22,57,
2022-09-12T12:26:29Z,2098,22,56,
2022-09-12T12:31:29Z,2099,22,56,
2022-09-12T12:36:29Z,2100,22,56,
2022-09-12T12:41:28Z,2101,22,57,
2022-09-12T12:46:27Z,2102,22,56,
2022-09-12T12:51:27Z,2103,22,56,
2022-09-12T12:56:26Z,2104,22,56,
2022-09-12T13:01:26Z,2105,22,56,
2022-09-12T13:06:25Z,2106,22,56,
2022-09-12T13:11:25Z,2107,22,56,
2022-09-12T13:16:24Z,2108,22,56,
2022-09-12T13:21:24Z,2109,22,56,
2022-09-12T13:26:23Z,2110,22,56,
2022-09-12T13:31:23Z,2111,22,56,
2022-09-12T13:36:22Z,2112,22,56,
2022-09-12T13:41:22Z,2113,22,56,
2022-09-12T13:46:22Z,2114,22,56,
2022-09-12T13:51:21Z,2115,22,56,
2022-09-12T13:56:20Z,2116,22,56,
2022-09-12T14:01:20Z,2117,22,56,
2022-09-12T14:06:20Z,2118,22,56,
2022-09-12T14:11:19Z,2119,22,56,
2022-09-12T14:16:18Z,2120,22,56,
2022-09-12T14:21:18Z,2121,22,56,
2022-09-12T14:26:18Z,2122,22,56,
2022-09-12T14:31:17Z,2123,22,56,
2022-09-12T14:36:16Z,2124,22,55,
2022-09-12T14:41:16Z,2125,22,55,
2022-09-12T14:46:16Z,2126,22,55,
2022-09-12T14:51:15Z,2127,22,55,
2022-09-12T14:56:15Z,2128,22,55,
2022-09-12T15:01:14Z,2129,22,55,
2022-09-12T15:06:14Z,2130,22,55,
2022-09-12T15:11:13Z,2131,22,55,
2022-09-12T15:16:13Z,2132,22,55,
2022-09-12T15:21:13Z,2133,22,55,
2022-09-12T15:26:12Z,2134,22,55,
2022-09-12T15:31:11Z,2135,22,55,
2022-09-12T15:36:11Z,2136,22,55,
2022-09-12T15:41:11Z,2137,22,54,
2022-09-12T15:46:10Z,2138,21,54,
2022-09-12T15:51:09Z,2139,21,54,
2022-09-12T15:56:09Z,2140,21,54,
2022-09-12T16:01:08Z,2141,21,54,
2022-09-12T16:06:08Z,2142,21,54,
2022-09-12T16:11:07Z,2143,19,50,
2022-09-12T16:16:07Z,2144,21,54,
2022-09-12T16:21:07Z,2145,21,54,
2022-09-12T16:26:06Z,2146,21,54,
2022-09-12T16:31:05Z,2147,21,54,
2022-09-12T16:36:05Z,2148,21,54,
2022-09-12T16:41:05Z,2149,21,54,
2022-09-12T16:46:04Z,2150,21,54,
2022-09-12T16:51:03Z,2151,21,54,
2022-09-12T16:56:03Z,2152,21,54,
2022-09-12T17:01:02Z,2153,21,54,
2022-09-12T17:06:02Z,2154,21,54,
2022-09-12T17:11:02Z,2155,21,54,
2022-09-12T17:16:01Z,2156,21,54,
2022-09-12T17:21:01Z,2157,21,54,
2022-09-12T17:26:00Z,2158,21,54,
2022-09-12T17:31:00Z,2159,21,54,
2022-09-12T17:35:59Z,2160,21,54,
2022-09-12T17:40:59Z,2161,21,54,
2022-09-12T17:45:58Z,2162,21,54,
2022-09-12T17:50:58Z,2163,21,54,
2022-09-12T17:55:58Z,2164,21,54,
2022-09-12T18:00:57Z,2165,21,54,
2022-09-12T18:05:57Z,2166,21,54,
2022-09-12T18:10:56Z,2167,21,54,
2022-09-12T18:15:56Z,2168,21,54,
2022-09-12T18:20:55Z,2169,21,54,
2022-09-12T18:25:55Z,2170,21,54,
2022-09-12T18:30:54Z,2171,21,54,
2022-09-12T18:35:54Z,2172,21,54,
2022-09-12T18:40:54Z,2173,21,54,
2022-09-12T18:45:53Z,2174,21,54,
2022-09-12T18:50:53Z,2175,21,54,
2022-09-12T18:55:52Z,2176,21,54,
2022-09-12T19:00:52Z,2177,21,54,
2022-09-12T19:05:51Z,2178,21,54,
2022-09-12T19:10:51Z,2179,21,54,
2022-09-12T19:15:50Z,2180,21,54,
2022-09-12T19:20:50Z,2181,21,54,
2022-09-12T19:25:50Z,2182,21,54,
2022-09-12T19:30:50Z,2183,21,54,
2022-09-12T19:35:49Z,2184,21,54,
2022-09-12T19:40:48Z,2185,21,54,
2022-09-12T19:45:48Z,2186,21,54,
2022-09-12T19:50:47Z,2187,21,54,
2022-09-12T19:55:47Z,2188,21,54,
2022-09-12T20:00:46Z,2189,21,54,
2022-09-12T20:05:46Z,2190,21,54,
2022-09-12T20:10:45Z,2191,21,54,
2022-09-12T20:15:45Z,2192,21,54,
2022-09-12T20:20:44Z,2193,21,55,
2022-09-12T20:25:44Z,2194,21,55,
2022-09-12T20:30:44Z,2195,21,55,
2022-09-12T20:35:43Z,2196,21,55,
2022-09-12T20:40:43Z,2197,21,55,
2022-09-12T20:45:42Z,2198,21,55,
2022-09-12T20:50:42Z,2199,21,55,
2022-09-12T20:55:41Z,2200,21,55,
2022-09-12T21:00:41Z,2201,21,55,
2022-09-12T21:05:41Z,2202,21,55,
2022-09-12T21:10:40Z,2203,21,55,
2022-09-12T21:15:40Z,2204,21,55,
2022-09-12T21:20:39Z,2205,21,55,
2022-09-12T21:25:39Z,2206,21,55,
2022-09-12T21:30:38Z,2207,21,55,
2022-09-12T21:35:38Z,2208,21,55,
2022-09-12T21:40:38Z,2209,21,55,
2022-09-12T21:45:37Z,2210,21,55,
2022-09-12T21:50:37Z,2211,21,55,
2022-09-12T21:55:36Z,2212,21,55,
2022-09-12T22:00:36Z,2213,21,55,
2022-09-12T22:05:35Z,2214,21,55,
2022-09-12T22:10:35Z,2215,21,55,
2022-09-12T22:15:34Z,2216,21,55,
2022-09-12T22:20:34Z,2217,21,55,
2022-09-12T22:25:34Z,2218,21,55,
2022-09-12T22:30:33Z,2219,21,55,
2022-09-12T22:35:33Z,2220,21,55,
2022-09-12T22:40:33Z,2221,21,55,
2022-09-12T22:45:32Z,2222,21,55,
2022-09-12T22:55:31Z,2223,21,55,33
2022-09-12T23:00:30Z,2224,21,55,
2022-09-12T23:05:30Z,2225,21,55,
2022-09-12T23:10:30Z,2226,21,55,
2022-09-12T23:15:30Z,2227,21,55,
2022-09-12T23:20:29Z,2228,21,55,
2022-09-12T23:25:28Z,2229,21,55,
